{
	"ambientocclusion": false,
	"textures": {
		"particle": "#0"
	},
	"elements": [
		{
			"from": [-16, -16, 8],
			"to": [32, 32, 8],
			"shade": false,
			"rotation": {"angle": -45, "axis": "y", "origin": [8, 8, 8], "rescale": true},
			"faces": {
				"north": {"uv": [16, 0, 0, 16], "texture": "#0", "cullface": "down", "tintindex": 0},
				"south": {"uv": [0, 0, 16, 16], "texture": "#0", "cullface": "down", "tintindex": 0}
			}
		},
		{
			"from": [-16, -16, 8],
			"to": [32, 32, 8],
			"shade": false,
			"rotation": {"angle": -45, "axis": "y", "origin": [8, 8, 8], "rescale": true},
			"faces": {
				"north": {"uv": [16, 0, 0, 16], "texture": "#1", "tintindex": 0},
				"south": {"uv": [0, 0, 16, 16], "texture": "#1", "tintindex": 0}
			}
		},
		{
			"from": [-16, -16, 8],
			"to": [32, 32, 8],
			"shade": false,
			"rotation": {"angle": 45, "axis": "y", "origin": [8, 8, 8], "rescale": true},
			"faces": {
				"north": {"uv": [0, 0, 16, 16], "texture": "#2", "cullface": "down", "tintindex": 0},
				"south": {"uv": [16, 0, 0, 16], "texture": "#2", "cullface": "down", "tintindex": 0}
			}
		},
		{
			"from": [-16, -16, 8],
			"to": [32, 32, 8],
			"shade": false,
			"rotation": {"angle": 45, "axis": "y", "origin": [8, 8, 8], "rescale": true},
			"faces": {
				"north": {"uv": [0, 0, 16, 16], "texture": "#3", "tintindex": 0},
				"south": {"uv": [16, 0, 0, 16], "texture": "#3", "tintindex": 0}
			}
		}
	]
}