{
	"credit": "Made with Blockbench",
	"textures": {
		"particle": "#1"
	},
	"elements": [
		{
			"name": "North",
			"from": [-15.9, -16, 3.2],
			"to": [32, 32, 3.2],
			"shade": false,
			"rotation": {"angle": 0, "axis": "y", "origin": [-8.9, -8, -4.9]},
			"faces": {
				"north": {"uv": [16, 0, 0, 16], "texture": "#1" },
				"south": {"uv": [0, 0, 16, 16], "texture": "#1" }
			}
		},
		{
			"name": "North_b",
			"from": [-16, -16, 3.1],
			"to": [32, 32, 3.1],
			"shade": false,
			"rotation": {"angle": 0, "axis": "y", "origin": [9.05, -24, 3.1]},
			"faces": {
				"north": {"uv": [16, 0, 0, 16], "texture": "#5", "cullface": "down" },
				"south": {"uv": [0, 0, 16, 16], "texture": "#5", "cullface": "down" }
			}
		},
		{
			"name": "South",
			"from": [-15.9, -16, 12],
			"to": [32, 32, 12],
			"shade": false,
			"rotation": {"angle": 0, "axis": "y", "origin": [-8.9, -8, 4.1]},
			"faces": {
				"north": {"uv": [16, 0, 0, 16], "texture": "#2" },
				"south": {"uv": [0, 0, 16, 16], "texture": "#2" }
			}
		},
		{
			"name": "South_b",
			"from": [-16, -16, 12.1],
			"to": [32, 32, 12.1],
			"shade": false,
			"rotation": {"angle": 0, "axis": "y", "origin": [-8.9, -8, 12.1]},
			"faces": {
				"north": {"uv": [16, 0, 0, 16], "texture": "#6", "cullface": "down" },
				"south": {"uv": [0, 0, 16, 16], "texture": "#6", "cullface": "down" }
			}
		},
		{
			"name": "West",
			"from": [4.2, -16, -15.9],
			"to": [4.2, 32, 32],
			"shade": false,
			"rotation": {"angle": 0, "axis": "y", "origin": [12.1, -8, -7.9]},
			"faces": {
				"east": {"uv": [16, 0, 0, 16], "texture": "#3" },
				"west": {"uv": [0, 0, 16, 16], "texture": "#3" }
			}
		},
		{
			"name": "West_b",
			"from": [4.1, -16, -16],
			"to": [4.1, 32, 32],
			"shade": false,
			"rotation": {"angle": 0, "axis": "y", "origin": [12.1, -8, 23.1]},
			"faces": {
				"east": {"uv": [16, 0, 0, 16], "texture": "#7", "cullface": "down" },
				"west": {"uv": [0, 0, 16, 16], "texture": "#7", "cullface": "down" }
			}
		},
		{
			"name": "East",
			"from": [12, -16, -15.9],
			"to": [12, 32, 32],
			"shade": false,
			"rotation": {"angle": 0, "axis": "y", "origin": [20.1, -8, -7.9]},
			"faces": {
				"east": {"uv": [0, 0, 16, 16], "texture": "#4" },
				"west": {"uv": [16, 0, 0, 16], "texture": "#4" }
			}
		},
		{
			"name": "East_b",
			"from": [12.1, -16, -16],
			"to": [12.1, 32, 32],
			"shade": false,
			"rotation": {"angle": 0, "axis": "y", "origin": [20.1, -8, 8.1]},
			"faces": {
				"east": {"uv": [0, 0, 16, 16], "texture": "#8", "cullface": "down" },
				"west": {"uv": [16, 0, 0, 16], "texture": "#8", "cullface": "down" }
			}
		}
	]
}