{
	"credit": "Made with Blockbench",
	"ambientocclusion": false,
	"texture_size": [48, 48],
	"textures": {
		"0": "block/stripped_oak_log_composite",
		"1": "block/oak_planks_composite",
		"particle": "block/stripped_oak_log_composite"
	},
	"elements": [
		{
			"from": [-1.65013, 3.76256, -2],
			"to": [20.97487, 5.76256, 1.925],
			"rotation": {"angle": 45, "axis": "z", "origin": [6.97487, 4.76256, 0]},
			"faces": {
				"north": {"uv": [2.66667, 4.33333, 10.66667, 4.99999], "texture": "#1"},
				"east": {"uv": [4.33333, 4, 5.66667, 4.66667], "texture": "#1"},
				"south": {"uv": [1.66667, 4, 9.66667, 4.66666], "texture": "#1"},
				"west": {"uv": [4.66667, 4.33333, 6, 5], "texture": "#1"},
				"up": {"uv": [16, 3.33334, 8, 2], "rotation": 180, "texture": "#1"},
				"down": {"uv": [13.66667, 4, 5.66667, 5.33334], "rotation": 180, "texture": "#1"}
			}
		},
		{
			"from": [-3.71177, -4.233, -1.99],
			"to": [1.66323, -2.243, 1.92],
			"rotation": {"angle": 45, "axis": "z", "origin": [-1.02427, -3.23658, -0.0375]},
			"faces": {
				"north": {"uv": [2.66667, 2.66667, 4.66667, 3.33333], "texture": "#1"},
				"east": {"uv": [4.33333, 4, 5.66667, 4.66667], "texture": "#1"},
				"south": {"uv": [1.66667, 0.66667, 3.66667, 1.33333], "texture": "#1"},
				"west": {"uv": [4.66667, 4.33333, 6, 5], "texture": "#1"},
				"up": {"uv": [6, 1.66667, 4, 0.33333], "rotation": 180, "texture": "#1"},
				"down": {"uv": [7.66667, 0.33333, 5.66667, 1.66667], "rotation": 180, "texture": "#1"}
			}
		},
		{
			"from": [14.508, -7.95, -1.499],
			"to": [17.498, 13.6, 1.491],
			"rotation": {"angle": 0, "axis": "y", "origin": [0, -17.5, 0]},
			"faces": {
				"north": {"uv": [7.66667, 0.66667, 8.66334, 7.85], "texture": "#0"},
				"east": {"uv": [8, 0.66667, 8.99667, 7.85], "texture": "#0"},
				"south": {"uv": [9.33333, 1.33333, 10.33, 8.51666], "texture": "#0"},
				"west": {"uv": [7, 0, 7.99667, 7.18333], "texture": "#0"},
				"up": {"uv": [6.66667, 1.33333, 7.66667, 2.33333], "texture": "#0"},
				"down": {"uv": [8, 0, 6, 2], "rotation": 90, "texture": "#0"}
			}
		},
		{
			"from": [-1.5, -15.975, -1.5],
			"to": [1.5, -2.31, 1.5],
			"rotation": {"angle": 0, "axis": "y", "origin": [0.4, -10.5, 0]},
			"faces": {
				"north": {"uv": [6.33333, 0, 7.33333, 4.555], "texture": "#0"},
				"east": {"uv": [6.33333, 0, 7.33333, 4.555], "texture": "#0"},
				"south": {"uv": [9.33333, 6.66667, 10.33333, 11.22167], "texture": "#0"},
				"west": {"uv": [8.33333, 0, 9.33333, 4.555], "texture": "#0"},
				"up": {"uv": [7.66667, 2.33333, 6.66667, 1.33333], "rotation": 270, "texture": "#0"},
				"down": {"uv": [6.16666, 1.83334, 5.66666, 2.5], "rotation": 90, "texture": "#0"}
			}
		}
	],
	"display": {
		"thirdperson_righthand": {
			"rotation": [0, -180, 0],
			"translation": [1.5, 2, -3],
			"scale": [0.4, 0.4, 0.4]
		},
		"thirdperson_lefthand": {
			"translation": [2, 2, 3],
			"scale": [0.4, 0.4, 0.4]
		},
		"firstperson_righthand": {
			"rotation": [0, -46, 0],
			"translation": [1, 4, -1.5],
			"scale": [0.4, 0.4, 0.4]
		},
		"firstperson_lefthand": {
			"rotation": [0, -46, 0],
			"translation": [1, 4, -1.5],
			"scale": [0.4, 0.4, 0.4]
		},
		"ground": {
			"rotation": [0, -46, 0],
			"translation": [-2, 4, -1.5],
			"scale": [0.4, 0.4, 0.4]
		},
		"gui": {
			"rotation": [30, 0, 0],
			"translation": [0, 1.5, 0],
			"scale": [0.4, 0.4, 0.4]
		}
	}
}