{
	"credit": "Made with Blockbench",
	"ambientocclusion": false,
	"textures": {
		"0": "block/sponge_3",
		"particle": "block/sponge_3"
	},
	"elements": [
		{
			"from": [13.56005, 4.22612, 12.29957],
			"to": [18.42859, 17.90992, 16.01645],
			"rotation": {"angle": 0, "axis": "y", "origin": [15.99089, 9.4665, 6.57241]},
			"faces": {
				"east": {"uv": [0, 0, 3.71688, 13.6838], "texture": "#0"},
				"south": {"uv": [1, 0, 5.86854, 13.6838], "texture": "#0"},
				"west": {"uv": [6.3, 0, 10.01688, 13.6838], "texture": "#0"},
				"up": {"uv": [5.71688, 0, 2, 4.86854], "rotation": 90, "texture": "#0"},
				"down": {"uv": [5, 0, 11, 4.1], "texture": "#0"}
			}
		},
		{
			"from": [13.56005, 6.35761, 9.67055],
			"to": [18.42859, 17.90728, 12.29957],
			"rotation": {"angle": 0, "axis": "y", "origin": [15.99089, 9.4665, 6.57241]},
			"faces": {
				"east": {"uv": [4, 0, 6.629, 11.54967], "texture": "#0"},
				"west": {"uv": [6.62902, 0, 4, 11.54967], "texture": "#0"},
				"up": {"uv": [5, 0, 7.62902, 4.86854], "rotation": 90, "texture": "#0"}
			}
		},
		{
			"from": [13.56005, 9.71523, 6.95089],
			"to": [18.42859, 17.90728, 9.67055],
			"rotation": {"angle": 0, "axis": "y", "origin": [15.99089, 9.4665, 6.57241]},
			"faces": {
				"east": {"uv": [6.5, 0, 9.21966, 8.19205], "texture": "#0"},
				"west": {"uv": [11.3, 0, 14.01966, 8.19205], "texture": "#0"},
				"up": {"uv": [7.71966, 0, 5, 4.86854], "rotation": 90, "texture": "#0"}
			}
		},
		{
			"from": [13.56005, 13.07284, 4.23122],
			"to": [18.42859, 17.90728, 6.95089],
			"rotation": {"angle": 0, "axis": "y", "origin": [15.99089, 9.4665, 6.57241]},
			"faces": {
				"east": {"uv": [9, 0, 11.71966, 4.83444], "texture": "#0"},
				"west": {"uv": [7.2, 0, 9.91966, 4.83444], "texture": "#0"},
				"up": {"uv": [7.3, 0, 10.01966, 4.86854], "rotation": 90, "texture": "#0"}
			}
		},
		{
			"from": [13.56005, 15.20661, 1.51155],
			"to": [18.42859, 17.90728, 4.23122],
			"rotation": {"angle": 0, "axis": "y", "origin": [15.99089, 9.4665, 6.57241]},
			"faces": {
				"north": {"uv": [5, 0, 10, 3], "texture": "#0"},
				"east": {"uv": [13, 0, 15.71967, 2.70067], "texture": "#0"},
				"west": {"uv": [13, 0, 15.71967, 2.70067], "texture": "#0"},
				"up": {"uv": [12.3, 1, 15.01967, 5.86854], "rotation": 90, "texture": "#0"}
			}
		},
		{
			"from": [13.57, 6.68771, 12.41],
			"to": [18.42175, 10.04532, 14.53368],
			"rotation": {"angle": 22.5, "axis": "x", "origin": [15.99089, 11.0665, 7.23754]},
			"faces": {
				"east": {"uv": [3, 6, 6, 9], "rotation": 90, "texture": "#0"},
				"west": {"uv": [6.35761, 5, 3, 7.77368], "rotation": 270, "texture": "#0"},
				"down": {"uv": [7, 7, 12, 10], "rotation": 180, "texture": "#0"}
			}
		},
		{
			"from": [13.565, 9.41296, 4.89],
			"to": [18.4252, 12.77057, 7.72261],
			"rotation": {"angle": 22.5, "axis": "x", "origin": [15.99089, 9.4665, 6.23754]},
			"faces": {
				"east": {"uv": [8, 7, 11, 10], "rotation": 90, "texture": "#0"},
				"west": {"uv": [11.35761, 8, 8, 10.83261], "rotation": 270, "texture": "#0"},
				"down": {"uv": [8, 10, 13, 13], "rotation": 180, "texture": "#0"}
			}
		},
		{
			"from": [13.565, 8.999, 10.89],
			"to": [18.42515, 12.35661, 13.69761],
			"rotation": {"angle": 45, "axis": "x", "origin": [15.99089, 11.0665, 7.23754]},
			"faces": {
				"east": {"uv": [5, 7.80761, 8, 10.80761], "rotation": 90, "texture": "#0"},
				"west": {"uv": [7.35761, 7.80761, 4, 5], "rotation": 270, "texture": "#0"},
				"down": {"uv": [7, 4, 12, 7], "rotation": 180, "texture": "#0"}
			}
		},
		{
			"from": [13.57, 8.94, 1.912],
			"to": [18.42175, 13.29762, 5.00132],
			"rotation": {"angle": 45, "axis": "x", "origin": [15.99089, 9.4665, 6.18754]},
			"faces": {
				"east": {"uv": [7, 7, 11, 10], "rotation": 90, "texture": "#0"},
				"west": {"uv": [9, 8, 13.35762, 11.36432], "rotation": 270, "texture": "#0"},
				"down": {"uv": [6, 7, 11, 10], "rotation": 180, "texture": "#0"}
			}
		},
		{
			"from": [13.57, 6.89429, 6.72612],
			"to": [18.42175, 9.5769, 10.08373],
			"rotation": {"angle": -22.5, "axis": "x", "origin": [15.99089, 11.0665, 7.23754]},
			"faces": {
				"north": {"uv": [7, 1, 12, 4], "texture": "#0"},
				"east": {"uv": [8, 9, 11, 12], "texture": "#0"},
				"west": {"uv": [6, 8, 9.35761, 11.35761], "texture": "#0"}
			}
		},
		{
			"from": [13.568, 13.15258, 4.45],
			"to": [18.42815, 16.51019, 7.80762],
			"rotation": {"angle": -22.5, "axis": "x", "origin": [15.99089, 8.4665, 6.23754]},
			"faces": {
				"north": {"uv": [6, 4, 11, 7], "texture": "#0"},
				"east": {"uv": [11, 4, 14, 7], "texture": "#0"},
				"south": {"uv": [4, 3, 8, 7], "texture": "#0"},
				"west": {"uv": [9, 2, 12.35762, 5.35761], "texture": "#0"}
			}
		}
	],
	"display": {
		"thirdperson_righthand": {
			"rotation": [75, 45, 0],
			"translation": [0, 2.5, 0],
			"scale": [0.375, 0.375, 0.375]
		},
		"firstperson_righthand": {
			"rotation": [0, 45, 0],
			"scale": [0.4, 0.4, 0.4]
		},
		"firstperson_lefthand": {
			"rotation": [0, 225, 0],
			"scale": [0.4, 0.4, 0.4]
		},
		"ground": {
			"translation": [0, 3, 0],
			"scale": [0.25, 0.25, 0.25]
		},
		"gui": {
			"rotation": [30, -130, 0],
			"translation": [3, 0, 0],
			"scale": [0.625, 0.625, 0.625]
		},
		"fixed": {
			"rotation": [0, 90, 0],
			"translation": [0, 0, 3.75],
			"scale": [0.5, 0.5, 0.5]
		}
	}
}