{
	"credit": "Made with Blockbench",
	"ambientocclusion": false,
	"texture_size": [48, 48],
	"textures": {
		"0": "block/stripped_oak_log_composite",
		"1": "block/oak_planks_composite",
		"particle": "block/stripped_oak_log_composite"
	},
	"elements": [
		{
			"from": [14.525, -7.95, 14.475],
			"to": [17.45, 15, 17.425],
			"rotation": {"angle": 0, "axis": "y", "origin": [16, 4.5, 16]},
			"faces": {
				"north": {"uv": [5.33333, 0, 6.30833, 7.65], "texture": "#0"},
				"east": {"uv": [8, 0.66667, 8.98333, 8.31667], "texture": "#0"},
				"south": {"uv": [9.33333, 0.33333, 10.30833, 7.98333], "texture": "#0"},
				"west": {"uv": [6.33333, 1, 7.31666, 8.65], "texture": "#0"},
				"down": {"uv": [7.66667, 0, 6, 1.66667], "rotation": 90, "texture": "#0"}
			}
		},
		{
			"from": [0.025, 14.95, 13.95],
			"to": [18.05, 16.95, 17.95],
			"rotation": {"angle": 0, "axis": "y", "origin": [7.375, 14, 16]},
			"faces": {
				"north": {"uv": [0, 1, 5.66667, 1.66667], "texture": "#1"},
				"east": {"uv": [4, 2, 5.33333, 2.66667], "texture": "#1"},
				"south": {"uv": [0, 9.66667, 5.66667, 10.33333], "texture": "#1"},
				"west": {"uv": [7, 6, 8.33333, 6.66667], "texture": "#1"},
				"up": {"uv": [13, 4, 7.33333, 5.33333], "rotation": 180, "texture": "#1"},
				"down": {"uv": [9.66667, 0.33333, 4, 1.66667], "rotation": 180, "texture": "#1"}
			}
		},
		{
			"from": [14.05, 14.95, 0.025],
			"to": [18.05, 16.95, 13.95],
			"rotation": {"angle": 0, "axis": "y", "origin": [7.375, 14, 16]},
			"faces": {
				"north": {"uv": [7, 6, 8.33333, 6.66667], "texture": "#1"},
				"east": {"uv": [0, 1, 5.66667, 1.66667], "texture": "#1"},
				"west": {"uv": [0, 9.66667, 5.66667, 10.33333], "texture": "#1"},
				"up": {"uv": [13, 4, 7.33333, 5.33333], "rotation": 270, "texture": "#1", "cullface": "up"},
				"down": {"uv": [9.66667, 0.33333, 4, 1.66667], "rotation": 90, "texture": "#1"}
			}
		}
	],
	"display": {
		"thirdperson_righthand": {
			"rotation": [0, -180, 0],
			"translation": [2, 0, 3],
			"scale": [0.4, 0.4, 0.4]
		},
		"thirdperson_lefthand": {
			"rotation": [0, -90, 0],
			"translation": [2, 0, 3],
			"scale": [0.4, 0.4, 0.4]
		},
		"firstperson_righthand": {
			"rotation": [0, 90, 0],
			"translation": [-3.5, 1, 3],
			"scale": [0.4, 0.4, 0.4]
		},
		"firstperson_lefthand": {
			"rotation": [0, -180, 0],
			"translation": [-4.5, 1, 3],
			"scale": [0.4, 0.4, 0.4]
		},
		"ground": {
			"scale": [0.4, 0.4, 0.4]
		},
		"gui": {
			"rotation": [-30, -50, 0],
			"translation": [0, 0.5, 0],
			"scale": [0.4, 0.4, 0.4]
		}
	}
}