{
	"credit": "Made with Blockbench",
	"ambientocclusion": false,
	"texture_size": [48, 48],
	"textures": {
		"0": "block/stripped_oak_log_3",
		"1": "block/stripped_oak_log_top_3",
		"particle": "block/stripped_oak_log_3"
	},
	"elements": [
		{
			"from": [-3.01, -0.019, -3.01],
			"to": [2.99, 15.986, 2.99],
			"rotation": {"angle": 0, "axis": "y", "origin": [0, 8, 0]},
			"faces": {
				"north": {"uv": [7, 0, 13, 16], "texture": "#0"},
				"east": {"uv": [3, 0, 9, 16], "texture": "#0"},
				"south": {"uv": [7, 0, 13, 16], "texture": "#0"},
				"west": {"uv": [3, 0, 9, 16], "texture": "#0"},
				"up": {"uv": [7, 7, 13, 13], "texture": "#1"},
				"down": {"uv": [3, 3, 9, 9], "texture": "#1"}
			}
		}
	]
}