{
	"credit": "Made with Blockbench",
	"ambientocclusion": false,
	"textures": {
		"0": "block/stripped_oak_log_3",
		"1": "block/target_block_power0_side",
		"particle": "block/stripped_oak_log_3"
	},
	"elements": [
		{
			"from": [-3.015, 13.01, 0.01],
			"to": [2.985, 19.01, 15.99],
			"rotation": {"angle": 0, "axis": "y", "origin": [0, 16, 8]},
			"faces": {
				"north": {"uv": [1, 9, 7, 15], "texture": "#1"},
				"east": {"uv": [4, 0, 10, 15.98], "rotation": 90, "texture": "#0"},
				"south": {"uv": [8, 9, 14, 15], "texture": "#1"},
				"west": {"uv": [3, 0, 9, 15.98], "rotation": 90, "texture": "#0"},
				"up": {"uv": [0, 0, 6, 15.98], "texture": "#0"},
				"down": {"uv": [0, 0, 6, 15.98], "texture": "#0"}
			}
		}
	]
}