{
	"credit": "Made with Blockbench",
	"ambientocclusion": false,
	"textures": {
		"0": "block/stripped_oak_log",
		"1": "block/target_block_power0_side",
		"particle": "block/stripped_oak_log"
	},
	"elements": [
		{
			"from": [-3.015, 13.01, 0.01],
			"to": [2.985, 19.01, 15.99],
			"rotation": {"angle": 0, "axis": "y", "origin": [0, 16, 8]},
			"faces": {
				"north": {"uv": [1, 1, 7, 7], "texture": "#1"},
				"east": {"uv": [4, 0, 10, 15.98], "rotation": 90, "texture": "#0"},
				"south": {"uv": [9, 1, 15, 7], "texture": "#1"},
				"west": {"uv": [3, 0, 9, 15.98], "rotation": 90, "texture": "#0"},
				"up": {"uv": [0, 0, 6, 15.98], "texture": "#0"},
				"down": {"uv": [0, 0, 6, 15.98], "texture": "#0"}
			}
		}
	],
	"display": {
		"thirdperson_righthand": {
			"rotation": [75, 45, 0],
			"translation": [0, 2.5, 0],
			"scale": [0.375, 0.375, 0.375]
		},
		"firstperson_righthand": {
			"rotation": [0, 45, 0],
			"scale": [0.4, 0.4, 0.4]
		},
		"firstperson_lefthand": {
			"rotation": [0, 225, 0],
			"scale": [0.4, 0.4, 0.4]
		},
		"ground": {
			"translation": [0, 3, 0],
			"scale": [0.25, 0.25, 0.25]
		},
		"gui": {
			"rotation": [30, 225, 0],
			"scale": [0.625, 0.625, 0.625]
		},
		"fixed": {
			"scale": [0.5, 0.5, 0.5]
		}
	}
}