{
	"credit": "Made with Blockbench",
	"ambientocclusion": false,
	"texture_size": [48, 48],
	"textures": {
		"0": "block/stripped_oak_log",
		"1": "block/stripped_oak_log_top_3",
		"2": "block/stripped_oak_log_composite",
		"particle": "block/stripped_oak_log"
	},
	"elements": [
		{
			"from": [-2, -7.75, -0.7],
			"to": [2, 15.3, 3.3],
			"rotation": {"angle": -45, "axis": "x", "origin": [2.3, 15.275, 2.3]},
			"faces": {
				"north": {"uv": [8, 10.35, 9.33333, 2.66667], "texture": "#2"},
				"east": {"uv": [6.33333, 8.35, 7.66666, 0.66667], "texture": "#2"},
				"south": {"uv": [6, 9.68333, 7.33333, 2], "texture": "#2"},
				"west": {"uv": [7, 10.35, 8.33333, 2.66667], "texture": "#2"},
				"down": {"uv": [4, 8, 8, 4], "rotation": 180, "texture": "#1"}
			}
		},
		{
			"from": [-3, -0.019, -3],
			"to": [3, 15.986, 3],
			"rotation": {"angle": 0, "axis": "y", "origin": [0, 8, 0]},
			"faces": {
				"north": {"uv": [7, 0, 13, 16], "texture": "#0"},
				"east": {"uv": [3, 0, 9, 16], "texture": "#0"},
				"south": {"uv": [7, 0, 13, 16], "texture": "#0"},
				"west": {"uv": [3, 0, 9, 16], "texture": "#0"},
				"up": {"uv": [7, 7, 13, 13], "texture": "#1"},
				"down": {"uv": [3, 3, 9, 9], "texture": "#1"}
			}
		}
	],
	"display": {
		"thirdperson_righthand": {
			"rotation": [30, -90, 30],
			"translation": [-3, 3.5, 4.5],
			"scale": [0.4, 0.4, 0.4]
		},
		"thirdperson_lefthand": {
			"rotation": [30, -90, 30],
			"translation": [-3.25, 3.25, -1.5],
			"scale": [0.4, 0.4, 0.4]
		},
		"firstperson_righthand": {
			"rotation": [30, -90, 30],
			"translation": [-3.25, 3.25, 4.5],
			"scale": [0.4, 0.4, 0.4]
		},
		"firstperson_lefthand": {
			"rotation": [30, -90, 30],
			"translation": [-3.25, 3.25, -2.25],
			"scale": [0.4, 0.4, 0.4]
		},
		"ground": {
			"rotation": [30, -90, 30],
			"translation": [-3.25, 3.25, 4.5],
			"scale": [0.4, 0.4, 0.4]
		},
		"gui": {
			"rotation": [30, 120, 0],
			"translation": [-1.5, 3, 1.25],
			"scale": [0.6, 0.6, 0.6]
		},
		"head": {
			"rotation": [30, -90, 30],
			"translation": [-3.25, 10, 4.5],
			"scale": [0.4, 0.4, 0.4]
		},
		"fixed": {
			"rotation": [30, -90, 30],
			"translation": [0, 0, 6.5],
			"scale": [0.8, 0.8, 0.8]
		}
	}
}