{
	"credit": "Made with Blockbench",
	"ambientocclusion": false,
	"texture_size": [48, 48],
	"textures": {
		"0": "block/stripped_oak_log",
		"1": "block/stripped_oak_log_top_3",
		"2": "block/stripped_oak_log_composite",
		"particle": "block/stripped_oak_log"
	},
	"elements": [
		{
			"from": [-3, -0.019, -3],
			"to": [3, 15.986, 3],
			"rotation": {"angle": 0, "axis": "y", "origin": [0, 8, 0]},
			"faces": {
				"north": {"uv": [7, 0, 13, 16], "texture": "#0"},
				"east": {"uv": [3, 0, 9, 16], "texture": "#0"},
				"south": {"uv": [7, 0, 13, 16], "texture": "#0"},
				"west": {"uv": [3, 0, 9, 16], "texture": "#0"},
				"up": {"uv": [7, 7, 13, 13], "texture": "#1"},
				"down": {"uv": [3, 3, 9, 9], "texture": "#1"}
			}
		},
		{
			"from": [-2, 0.7, -0.7],
			"to": [2, 23.35, 3.3],
			"rotation": {"angle": 45, "axis": "x", "origin": [0.5, 0.725, 2.3]},
			"faces": {
				"north": {"uv": [7.33333, 2.33333, 6, 9.88333], "texture": "#2"},
				"east": {"uv": [10, 4.33333, 8.66667, 11.88333], "texture": "#2"},
				"south": {"uv": [10, 4.33333, 8.66667, 11.88333], "texture": "#2"},
				"west": {"uv": [10, 3, 8.66667, 10.55], "texture": "#2"},
				"up": {"uv": [10, 15, 14, 11], "texture": "#1"}
			}
		}
	],
	"display": {
		"thirdperson_righthand": {
			"rotation": [30, -90, 30],
			"translation": [-3.25, 3.25, 5],
			"scale": [0.4, 0.4, 0.4]
		},
		"thirdperson_lefthand": {
			"rotation": [30, -90, 30],
			"translation": [-3.25, 3, -1.75],
			"scale": [0.4, 0.4, 0.4]
		},
		"firstperson_righthand": {
			"rotation": [30, -90, 30],
			"translation": [-1, 2, 3],
			"scale": [0.4, 0.4, 0.4]
		},
		"firstperson_lefthand": {
			"rotation": [30, -90, 30],
			"translation": [-1, 2, -3],
			"scale": [0.4, 0.4, 0.4]
		},
		"ground": {
			"rotation": [30, -90, 30],
			"scale": [0.4, 0.4, 0.4]
		},
		"gui": {
			"rotation": [20, 120, 0],
			"translation": [-1.5, 1.5, 1],
			"scale": [0.6, 0.6, 0.6]
		},
		"head": {
			"rotation": [30, -90, 30],
			"translation": [-4, 11, 6],
			"scale": [0.6, 0.6, 0.6]
		},
		"fixed": {
			"rotation": [30, -90, 30],
			"translation": [-0.5, -0.25, 5],
			"scale": [0.8, 0.8, 0.8]
		}
	}
}