{
	"credit": "Made with Blockbench",
	"ambientocclusion": false,
	"textures": {
		"0": "block/stripped_oak_log",
		"1": "block/stripped_oak_log_top_3",
		"2": "block/stripped_oak_log_composite",
		"particle": "block/stripped_oak_log"
	},
	"elements": [
		{
			"from": [-2.1, 13.209, 3],
			"to": [2.1, 15.984, 16.175],
			"faces": {
				"east": {"uv": [2, 1, 5, 14], "rotation": 90, "texture": "#0"},
				"south": {"uv": [6, 15, 10, 12], "texture": "#1"},
				"west": {"uv": [1, 0, 4, 13], "rotation": 90, "texture": "#0"},
				"up": {"uv": [1, 1, 5, 14], "rotation": 180, "texture": "#0"},
				"down": {"uv": [0.66667, 0.33333, 4.86667, 13.50833], "rotation": 180, "texture": "#0"}
			}
		},
		{
			"from": [-3, -0.019, -3],
			"to": [3, 15.986, 3],
			"rotation": {"angle": 0, "axis": "y", "origin": [0, 8, 0]},
			"faces": {
				"north": {"uv": [7, 0, 13, 16], "texture": "#0"},
				"east": {"uv": [3, 0, 9, 16], "texture": "#0"},
				"south": {"uv": [7, 0, 13, 16], "texture": "#0"},
				"west": {"uv": [3, 0, 9, 16], "texture": "#0"},
				"up": {"uv": [7, 7, 13, 13], "texture": "#1"},
				"down": {"uv": [3, 3, 9, 9], "texture": "#1"}
			}
		},
		{
			"from": [-3, -0.019, -3],
			"to": [3, 15.986, 3],
			"rotation": {"angle": 0, "axis": "y", "origin": [0, 8, 0]},
			"faces": {
				"north": {"uv": [7, 0, 13, 16], "texture": "#0"},
				"east": {"uv": [3, 0, 9, 16], "texture": "#0"},
				"south": {"uv": [7, 0, 13, 16], "texture": "#0"},
				"west": {"uv": [3, 0, 9, 16], "texture": "#0"},
				"up": {"uv": [7, 7, 13, 13], "texture": "#1"},
				"down": {"uv": [3, 3, 9, 9], "texture": "#1"}
			}
		},
		{
			"from": [-2, -3.3, 12.925],
			"to": [2, 15.3, 16.925],
			"rotation": {"angle": 45, "axis": "x", "origin": [-0.5, 15.275, 13.925]},
			"faces": {
				"north": {"uv": [10, 11.21667, 8.66667, 4.33333], "texture": "#2"},
				"east": {"uv": [10, 9.88333, 8.66667, 3], "texture": "#2"},
				"south": {"uv": [7.33333, 9.21667, 6, 2.33333], "texture": "#2"},
				"west": {"uv": [10, 11.21667, 8.66667, 4.33333], "texture": "#2"},
				"down": {"uv": [3, 3, 7, 7], "rotation": 180, "texture": "#1"}
			}
		}
	],
	"display": {
		"thirdperson_righthand": {
			"rotation": [30, -90, 30],
			"translation": [-3, 3.5, 4.5],
			"scale": [0.4, 0.4, 0.4]
		},
		"thirdperson_lefthand": {
			"rotation": [30, -90, 30],
			"translation": [-3, 3.5, -1.75],
			"scale": [0.4, 0.4, 0.4]
		},
		"firstperson_righthand": {
			"rotation": [30, -90, 30],
			"translation": [-3, 3.5, 4.5],
			"scale": [0.4, 0.4, 0.4]
		},
		"firstperson_lefthand": {
			"rotation": [30, -90, 30],
			"translation": [-3, 3.5, -1.5],
			"scale": [0.4, 0.4, 0.4]
		},
		"ground": {
			"rotation": [30, -90, 30],
			"translation": [-3, 3.5, 4.5],
			"scale": [0.4, 0.4, 0.4]
		},
		"gui": {
			"rotation": [20, 120, 0],
			"translation": [-1.5, 1.5, 1],
			"scale": [0.6, 0.6, 0.6]
		},
		"head": {
			"rotation": [30, -90, 30],
			"translation": [-3, 9.5, 4.5],
			"scale": [0.4, 0.4, 0.4]
		},
		"fixed": {
			"rotation": [30, -90, 30],
			"translation": [-1.25, 0.25, 5.75],
			"scale": [0.8, 0.8, 0.8]
		}
	},
	"groups": [0, 1,
		{
			"name": "beam_diagonal_n_support",
			"origin": [8, 8, 8],
			"children": [2, 3]
		}
	]
}