{
  "display": {
    "gui": {
      "rotation": [
        30,
        225,
        0
      ],
      "translation": [
        0,
        0,
        0
      ],
      "scale": [
        0.425,
        0.425,
        0.425
      ]
    },
    "ground": {
      "rotation": [
        0,
        0,
        0
      ],
      "translation": [
        0,
        3,
        0
      ],
      "scale": [
        0.25,
        0.25,
        0.25
      ]
    },
    "fixed": {
      "rotation": [
        0,
        0,
        0
      ],
      "translation": [
        0,
        0,
        0
      ],
      "scale": [
        0.5,
        0.5,
        0.5
      ]
    },
    "thirdperson_righthand": {
      "rotation": [
        75,
        45,
        0
      ],
      "translation": [
        0,
        2.5,
        0
      ],
      "scale": [
        0.375,
        0.375,
        0.375
      ]
    },
    "firstperson_righthand": {
      "rotation": [
        0,
        45,
        0
      ],
      "translation": [
        0,
        0,
        0
      ],
      "scale": [
        0.40,
        0.40,
        0.40
      ]
    },
    "firstperson_lefthand": {
      "rotation": [
        0,
        225,
        0
      ],
      "translation": [
        0,
        0,
        0
      ],
      "scale": [
        0.40,
        0.40,
        0.40
      ]
    }
  },
  "ambientocclusion": false,
  "textures": {
    "particle": "block/door_palace_middle",
    "bottom_upper": "block/door_palace_middle",
    "top_lower": "block/door_palace_middle",
    "top_upper": "block/door_palace_top"
  },
  "elements": [
    {
      "from": [
        0,
        0,
        0
      ],
      "to": [
        3,
        16,
        16
      ],
      "faces": {
        "down": {
          "uv": [
            0,
            0,
            16,
            3
          ],
          "texture": "#bottom_upper",
          "cullface": "down",
          "rotation": 90
        },
        "up": {
          "uv": [
            13,
            0,
            16,
            16
          ],
          "texture": "#bottom_upper",
          "cullface": "up"
        },
        "north": {
          "uv": [
            3,
            0,
            0,
            16
          ],
          "texture": "#top_lower",
          "cullface": "north"
        },
        "south": {
          "uv": [
            0,
            0,
            3,
            16
          ],
          "texture": "#top_lower",
          "cullface": "south"
        },
        "west": {
          "uv": [
            16,
            0,
            0,
            16
          ],
          "texture": "#top_lower",
          "cullface": "west"
        },
        "east": {
          "uv": [
            0,
            0,
            16,
            16
          ],
          "texture": "#top_lower"
        }
      }
    },
    {
      "from": [
        0,
        16,
        0
      ],
      "to": [
        3,
        32,
        16
      ],
      "faces": {
        "down": {
          "uv": [
            0,
            0,
            16,
            3
          ],
          "texture": "#bottom_upper",
          "cullface": "down",
          "rotation": 270
        },
        "north": {
          "uv": [
            16,
            0,
            13,
            16
          ],
          "texture": "#top_upper",
          "cullface": "south"
        },
        "west": {
          "uv": [
            16,
            0,
            0,
            16
          ],
          "texture": "#top_upper",
          "cullface": "west"
        },
        "east": {
          "uv": [
            0,
            0,
            16,
            16
          ],
          "texture": "#top_upper"
        }
      }
    },
    {
      "from": [
        0,
        16,
        15
      ],
      "to": [
        3,
        23,
        16
      ],
      "faces": {
        "south": {
          "uv": [
            13,
            0,
            16,
            7
          ],
          "texture": "#bottom_upper"
        },
        "up": {
          "uv": [
            13,
            15,
            16,
            16
          ],
          "texture": "#bottom_upper"
        }
      }
    },
    {
      "from": [
        0,
        23,
        14
      ],
      "to": [
        3,
        25,
        15
      ],
      "faces": {
        "south": {
          "uv": [
            13,
            7,
            16,
            9
          ],
          "texture": "#bottom_upper"
        },
        "up": {
          "uv": [
            13,
            14,
            16,
            15
          ],
          "texture": "#bottom_upper"
        }
      }
    },
    {
      "from": [
        0,
        25,
        13
      ],
      "to": [
        3,
        27,
        14
      ],
      "faces": {
        "south": {
          "uv": [
            13,
            9,
            16,
            11
          ],
          "texture": "#bottom_upper"
        },
        "up": {
          "uv": [
            13,
            13,
            16,
            14
          ],
          "texture": "#bottom_upper"
        }
      }
    },
    {
      "from": [
        0,
        27,
        12
      ],
      "to": [
        3,
        28,
        13
      ],
      "faces": {
        "south": {
          "uv": [
            13,
            11,
            16,
            12
          ],
          "texture": "#bottom_upper"
        },
        "up": {
          "uv": [
            13,
            12,
            16,
            13
          ],
          "texture": "#bottom_upper"
        }
      }
    },
    {
      "from": [
        0,
        28,
        11
      ],
      "to": [
        3,
        29,
        12
      ],
      "faces": {
        "south": {
          "uv": [
            13,
            12,
            16,
            13
          ],
          "texture": "#bottom_upper"
        },
        "up": {
          "uv": [
            13,
            10,
            16,
            12
          ],
          "texture": "#bottom_upper"
        }
      }
    },
    {
      "from": [
        0,
        29,
        9
      ],
      "to": [
        3,
        30,
        11
      ],
      "faces": {
        "south": {
          "uv": [
            13,
            13,
            16,
            14
          ],
          "texture": "#bottom_upper"
        },
        "up": {
          "uv": [
            13,
            8,
            16,
            10
          ],
          "texture": "#bottom_upper"
        }
      }
    },
    {
      "from": [
        0,
        30,
        6
      ],
      "to": [
        3,
        31,
        9
      ],
      "faces": {
        "south": {
          "uv": [
            13,
            14,
            16,
            15
          ],
          "texture": "#bottom_upper"
        },
        "up": {
          "uv": [
            13,
            5,
            16,
            8
          ],
          "texture": "#bottom_upper"
        }
      }
    },
    {
      "from": [
        0,
        31,
        0
      ],
      "to": [
        3,
        32,
        6
      ],
      "faces": {
        "south": {
          "uv": [
            13,
            15,
            16,
            16
          ],
          "texture": "#bottom_upper"
        },
        "up": {
          "uv": [
            13,
            0,
            16,
            5
          ],
          "texture": "#bottom_upper"
        }
      }
    }
  ]
}
