{
	"credit": "Made with Blockbench",
	"ambientocclusion": false,
	"textures": {
		"particle": "#0"
	},
	"elements": [
		{
			"name": "Big",
			"from": [-16, -16, 8],
			"to": [32, 32, 8],
			"shade": false,
			"rotation": {"angle": -45, "axis": "y", "origin": [8, 8, 8], "rescale": true },
			"faces": {
				"north": {"uv": [16, 0, 0, 16], "texture": "#0", "cullface": "down" },
				"south": {"uv": [0, 0, 16, 16], "texture": "#0", "cullface": "down" }
			}
		},
		{
			"name": "Big2",
			"from": [-16, -16, 8],
			"to": [32, 32, 8],
			"shade": false,
			"rotation": {"angle": 45, "axis": "y", "origin": [8, 8, 8], "rescale": true },
			"faces": {
				"north": {"uv": [0, 0, 16, 16], "texture": "#1", "cullface": "down" },
				"south": {"uv": [16, 0, 0, 16], "texture": "#1", "cullface": "down" }
			}
		},
		{
			"name": "Small",
			"from": [-16, -16, 8.1],
			"to": [32, 32, 8.1],
			"shade": false,
			"rotation": {"angle": -45, "axis": "y", "origin": [8, 8, 8.1], "rescale": true},
			"faces": {
				"north": {"uv": [16, 0, 0, 16], "texture": "#2"},
				"south": {"uv": [0, 0, 16, 16], "texture": "#2"}
			}
		},
		{
			"name": "Small2",
			"from": [-16, -16, 8.1],
			"to": [32, 32, 8.1],
			"shade": false,
			"rotation": {"angle": 45, "axis": "y", "origin": [8, 8, 8.1], "rescale": true},
			"faces": {
				"north": {"uv": [0, 0, 16, 16], "texture": "#3"},
				"south": {"uv": [16, 0, 0, 16], "texture": "#3"}
			}
		}
	]
}