{
	"credit": "Made with Blockbench",
	"ambientocclusion": false,
	"texture_size": [48, 48],
	"textures": {
		"0": "block/stripped_oak_log_composite",
		"1": "block/oak_planks_composite",
		"particle": "block/stripped_oak_log_composite"
	},
	"elements": [
		{
			"from": [-4, 14.95, -2.05],
			"to": [8, 16.95, 1.95],
			"rotation": {"angle": 0, "axis": "y", "origin": [2, 13.95, -0.05]},
			"faces": {
				"north": {"uv": [3.66667, 3, 7.66667, 3.66667], "texture": "#1"},
				"east": {"uv": [7, 6, 8.33333, 6.66667], "texture": "#1"},
				"south": {"uv": [0, 6, 4, 6.66667], "texture": "#1"},
				"west": {"uv": [8.33333, 6, 9.66667, 6.66667], "texture": "#1"},
				"up": {"uv": [4.33333, 5.66667, 8.33333, 7], "rotation": 180, "texture": "#1"},
				"down": {"uv": [8, 2.33333, 4, 3.66667], "rotation": 180, "texture": "#1"}
			}
		},
		{
			"from": [-1.5, 0.05, -1.5],
			"to": [1.5, 15, 1.5],
			"rotation": {"angle": 0, "axis": "y", "origin": [0, -0.5, 0]},
			"faces": {
				"north": {"uv": [6.66667, 0.66667, 7.66667, 5.65], "texture": "#0"},
				"east": {"uv": [8, 0.66667, 9, 5.65], "texture": "#0"},
				"south": {"uv": [6, 0.33333, 7, 5.31666], "texture": "#0"},
				"west": {"uv": [7, 0, 8, 4.98333], "texture": "#0"}
			}
		},
		{
			"from": [8, 14.955, -2.04],
			"to": [20, 16.945, 1.94],
			"rotation": {"angle": 0, "axis": "y", "origin": [2, 13.95, -0.05]},
			"faces": {
				"north": {"uv": [0, 3.33333, 4, 2.66667], "texture": "#1"},
				"east": {"uv": [7, 6, 8.33333, 6.66667], "texture": "#1"},
				"south": {"uv": [4, 6, 8, 6.66667], "texture": "#1"},
				"west": {"uv": [8.33333, 6, 9.66667, 6.66667], "texture": "#1"},
				"up": {"uv": [0, 5.66667, 4, 7], "rotation": 180, "texture": "#1"},
				"down": {"uv": [4, 2.33333, 0, 3.66667], "rotation": 180, "texture": "#1"}
			}
		},
		{
			"from": [-1.49, -7.95, -1.49],
			"to": [1.49, 0.075, 1.49],
			"rotation": {"angle": 0, "axis": "y", "origin": [0, -0.5, 0]},
			"faces": {
				"north": {"uv": [6.66667, 0.66667, 7.66667, 3.31667], "texture": "#0"},
				"east": {"uv": [8, 0.66667, 9, 8.31667], "texture": "#0"},
				"south": {"uv": [6, 0.33333, 7, 2.98333], "texture": "#0"},
				"west": {"uv": [7, 0, 8, 2.65], "texture": "#0"},
				"down": {"uv": [8, 0, 6, 2], "rotation": 90, "texture": "#0"}
			}
		},
		{
			"from": [14.51, 0.05, -1.51],
			"to": [17.51, 15, 1.49],
			"rotation": {"angle": 0, "axis": "y", "origin": [0, -0.5, 0]},
			"faces": {
				"north": {"uv": [6.66667, 0.66667, 7.66667, 5.65], "texture": "#0"},
				"east": {"uv": [8, 0.66667, 9, 5.65], "texture": "#0"},
				"south": {"uv": [6, 0.33333, 7, 5.31666], "texture": "#0"},
				"west": {"uv": [7, 0, 8, 4.98333], "texture": "#0"}
			}
		},
		{
			"from": [14.51, -7.95, -1.49],
			"to": [17.49, 0.075, 1.49],
			"rotation": {"angle": 0, "axis": "y", "origin": [0, -0.5, 0]},
			"faces": {
				"north": {"uv": [6.66667, 0.66667, 7.66667, 3.31667], "texture": "#0"},
				"east": {"uv": [8, 0.66667, 9, 8.31667], "texture": "#0"},
				"south": {"uv": [6, 0.33333, 7, 2.98333], "texture": "#0"},
				"west": {"uv": [7, 0, 8, 2.65], "texture": "#0"},
				"down": {"uv": [8, 0, 6, 2], "rotation": 90, "texture": "#0"}
			}
		}
	],
	"display": {
		"thirdperson_righthand": {
			"translation": [1, 0, 3],
			"scale": [0.4, 0.4, 0.4]
		},
		"thirdperson_lefthand": {
			"translation": [1, 0, 3],
			"scale": [0.4, 0.4, 0.4]
		},
		"firstperson_righthand": {
			"translation": [1, 0, 3],
			"scale": [0.4, 0.4, 0.4]
		},
		"firstperson_lefthand": {
			"translation": [1, 0, 3],
			"scale": [0.4, 0.4, 0.4]
		},
		"ground": {
			"translation": [1, 0, 3],
			"scale": [0.4, 0.4, 0.4]
		},
		"gui": {
			"rotation": [30, 45, 0],
			"translation": [2, 1, 3],
			"scale": [0.4, 0.4, 0.4]
		},
		"head": {
			"translation": [1, 0, 3],
			"scale": [0.4, 0.4, 0.4]
		},
		"fixed": {
			"translation": [1, 0, 3],
			"scale": [0.4, 0.4, 0.4]
		}
	}
}