{
	"credit": "Made with Blockbench",
	"ambientocclusion": false,
	"texture_size": [48, 48],
	"textures": {
		"1": "block/stone_bricks_comp",
		"particle": "block/stone_bricks_comp"
	},
	"elements": [
		{
			"from": [13.20417, 9.09208, -2.05],
			"to": [21.60417, 18.09208, 17.925],
			"rotation": {"angle": 22.5, "axis": "z", "origin": [4.22292, 6.89139, 7.94297]},
			"faces": {
				"north": {"uv": [11, 3, 14, 5.66667], "rotation": 90, "texture": "#1", "cullface": "down"},
				"east": {"uv": [10.66667, 0, 4, 3], "texture": "#1", "cullface": "down"},
				"south": {"uv": [12.33333, 2.66667, 15.33333, 5.33334], "rotation": 270, "texture": "#1", "cullface": "down"},
				"west": {"uv": [6.65833, 3, 0, 0], "rotation": 180, "texture": "#1", "cullface": "down"},
				"up": {"uv": [5.33333, 2.5, 11.99167, 0], "rotation": 270, "texture": "#1", "cullface": "down"},
				"down": {"uv": [0, 2.66667, 6.66667, 0], "rotation": 270, "texture": "#1", "cullface": "down"}
			}
		},
		{
			"from": [-7.10912, -11.175, -2.05495],
			"to": [1.89088, -2.175, 17.94505],
			"rotation": {"angle": 0, "axis": "y", "origin": [4.22292, 6.89139, 7.94297]},
			"faces": {
				"north": {"uv": [14, 3, 11, 6], "texture": "#1", "cullface": "down"},
				"east": {"uv": [9.33333, 0, 16, 3], "texture": "#1", "cullface": "down"},
				"south": {"uv": [16, 3.33333, 13, 6.33333], "texture": "#1", "cullface": "down"},
				"west": {"uv": [13, 0, 6.33333, 3], "texture": "#1", "cullface": "down"},
				"up": {"uv": [9.33333, 3, 16, 0], "rotation": 90, "texture": "#1", "cullface": "down"},
				"down": {"uv": [9.33333, 3, 16, 0], "rotation": 270, "texture": "#1", "cullface": "down"}
			}
		},
		{
			"from": [-3.43909, -2.43566, -2.05495],
			"to": [5.56091, 6.56434, 17.94505],
			"rotation": {"angle": -22.5, "axis": "z", "origin": [4.22292, 6.89139, 7.94297]},
			"faces": {
				"north": {"uv": [14, 3.66667, 11, 6.66667], "texture": "#1", "cullface": "down"},
				"east": {"uv": [12.33333, 0, 5.66667, 3], "texture": "#1", "cullface": "down"},
				"south": {"uv": [16, 3.33333, 13, 6.33333], "texture": "#1", "cullface": "down"},
				"west": {"uv": [16, 0, 9.33333, 3], "texture": "#1", "cullface": "down"},
				"up": {"uv": [9.33333, 3, 16, 0], "rotation": 90, "texture": "#1", "cullface": "down"},
				"down": {"uv": [9.33333, 3, 16, 0], "rotation": 270, "texture": "#1", "cullface": "down"}
			}
		},
		{
			"from": [-3.36209, 7.03342, -2.05495],
			"to": [5.63791, 16.03342, 17.94505],
			"rotation": {"angle": -45, "axis": "z", "origin": [4.22292, 6.89139, 7.94297]},
			"faces": {
				"north": {"uv": [16, 3, 13, 6], "texture": "#1", "cullface": "down"},
				"east": {"uv": [16, 0, 9.33333, 3], "texture": "#1", "cullface": "down"},
				"south": {"uv": [16, 3, 13, 6], "texture": "#1", "cullface": "down"},
				"west": {"uv": [16, 0, 9.33333, 3], "texture": "#1", "cullface": "down"},
				"up": {"uv": [9.33333, 3, 16, 0], "rotation": 90, "texture": "#1", "cullface": "down"},
				"down": {"uv": [9.33333, 3, 16, 0], "rotation": 270, "texture": "#1", "cullface": "down"}
			}
		},
		{
			"from": [-0.00912, -7.05, -0.015],
			"to": [5.99088, 8.95, 16.005],
			"rotation": {"angle": 0, "axis": "y", "origin": [4.22292, 6.89139, 7.94297]},
			"faces": {
				"north": {"uv": [12.33333, 7.33333, 10.33333, 12.66667], "texture": "#1", "cullface": "down"},
				"south": {"uv": [10.33333, 7.33333, 12.33333, 12.66667], "texture": "#1", "cullface": "down"},
				"west": {"uv": [5.33333, 0, 0, 5.33333], "texture": "#1", "cullface": "down"}
			}
		},
		{
			"from": [-0.01412, 8.95, -0.015],
			"to": [15.94588, 16.95, 16.005],
			"rotation": {"angle": 0, "axis": "y", "origin": [4.22292, 6.89139, 7.94297]},
			"faces": {
				"north": {"uv": [14.66667, 6.33333, 9.33333, 9], "texture": "#1", "cullface": "down"},
				"south": {"uv": [9.33333, 6.33333, 14.66667, 9], "texture": "#1", "cullface": "down"},
				"west": {"uv": [5.33333, 0, 0, 2.66667], "texture": "#1", "cullface": "east"},
				"up": {"uv": [10.66667, 5.33333, 16, 0], "rotation": 90, "texture": "#1", "cullface": "up"}
			}
		}
	]
}