{
	"credit": "Made with Blockbench",
	"textures": {
		"0": "#0",
		"particle": "#0"
	},
	"elements": [
		{
			"from": [1, -6, -0.4],
			"to": [1, 22.8, 30.8],
			"rotation": {"angle": 22.5, "axis": "y", "origin": [-11.2, 0, -11.2]},
			"faces": {
				"north": {"uv": [4, 4.33333, 12, 12.33333], "texture": "#0"},
				"east": {"uv": [12, 4.33333, 4, 12.33333], "texture": "#0"},
				"south": {"uv": [4, 4.33333, 12, 12.33333], "texture": "#0"},
				"west": {"uv": [4, 4.33333, 12, 12.33333], "texture": "#0"},
				"up": {"uv": [4, 4.33333, 12, 12.33333], "texture": "#0"},
				"down": {"uv": [4, 4.33333, 12, 12.33333], "texture": "#0"}
			}
		},
		{
			"from": [-16, -6, 14],
			"to": [15.2, 22.8, 14],
			"rotation": {"angle": 22.5, "axis": "y", "origin": [-11.2, 0, -11.2]},
			"faces": {
				"north": {"uv": [4, 4.33333, 12, 12.33333], "texture": "#0"},
				"east": {"uv": [4, 4.33333, 12, 12.33333], "texture": "#0"},
				"south": {"uv": [12, 4.33333, 4, 12.33333], "texture": "#0"},
				"west": {"uv": [12, 12.33333, 4, 4.33333], "texture": "#0"},
				"up": {"uv": [4, 4.33333, 12, 12.33333], "rotation": 90, "texture": "#0"},
				"down": {"uv": [4, 4.33333, 12, 12.33333], "rotation": 270, "texture": "#0"}
			}
		}
	]
}