{
  "variants": {
    "age\u003d0": {
      "model": "block/carrots_stage0"
    },
    "age\u003d1": {
      "model": "block/carrots_stage1"
    },
    "age\u003d2": {
      "model": "block/carrots_stage2"
    },
    "age\u003d3": {
      "model": "block/carrots_stage3"
    },
    "age\u003d4": {
      "model": "block/onions_red_stage0"
    },
    "age\u003d5": {
      "model": "block/onions_red_stage1"
    },
    "age\u003d6": {
      "model": "block/onions_red_stage2"
    },
    "age\u003d7": {
      "model": "block/onions_red_stage3"
    }
  }
}
