{
  "variants": {
    "powered\u003dfalse,shape\u003dnorth_south": {
      "model": "block/detector_rail"
    },
    "powered\u003dfalse,shape\u003deast_west": {
      "model": "block/detector_rail",
      "y": 90
    },
    "powered\u003dfalse,shape\u003dascending_east": {
      "model": "block/detector_rail_raised_ne",
      "y": 90
    },
    "powered\u003dfalse,shape\u003dascending_west": {
      "model": "block/detector_rail_raised_sw",
      "y": 90
    },
    "powered\u003dfalse,shape\u003dascending_north": {
      "model": "block/detector_rail_raised_ne"
    },
    "powered\u003dfalse,shape\u003dascending_south": {
      "model": "block/detector_rail_raised_sw"
    },
    "powered\u003dtrue,shape\u003dnorth_south": {
      "model": "block/detector_rail_flat_diagonal"
    },
    "powered\u003dtrue,shape\u003deast_west": {
      "model": "block/detector_rail_flat_diagonal",
      "y": 90
    },
    "powered\u003dtrue,shape\u003dascending_east": {
      "model": "block/detector_rail_raised_e"
    }
  }
}
