{
  "variants": {
    "eye\u003dfalse,facing\u003dsouth": {
      "model": "block/end_portal_frame_empty_south"
    },
    "eye\u003dfalse,facing\u003dwest": {
      "model": "block/end_portal_frame"
    },
    "eye\u003dfalse,facing\u003dnorth": {
      "model": "block/end_portal_frame_empty_north"
    },
    "eye\u003dfalse,facing\u003deast": {
      "model": "block/placeholder"
    },
    "eye\u003dtrue,facing\u003dsouth": {
      "model": "block/end_portal_frame_filled_south"
    },
    "eye\u003dtrue,facing\u003dwest": {
      "model": "block/end_portal_frame_filled_west"
    },
    "eye\u003dtrue,facing\u003dnorth": {
      "model": "block/end_portal_frame_filled_north"
    },
    "eye\u003dtrue,facing\u003deast": {
      "model": "block/end_portal_frame_filled_east"
    }
  }
}
