{
    "variants": {
        "type=bottom": { "model": "block/jungle_slab" },
        "type=top": { "model": "block/jungle_slab_top" },
        "type=double": [
            { "model": "block/double_slab_planks_jungle_1" },
            { "model": "block/double_slab_planks_jungle_2" },
            { "model": "block/double_slab_planks_jungle_3" },
            { "model": "block/double_slab_planks_jungle_4" },
            { "model": "block/double_slab_planks_jungle_5" },
            { "model": "block/double_slab_planks_jungle_6" },
            { "model": "block/double_slab_planks_jungle_7" },
            { "model": "block/double_slab_planks_jungle_8" },
            { "model": "block/double_slab_planks_jungle_9" }
        ]
    }
}
