{
  "variants": {
    "age\u003d0": {
      "model": "block/nether_wart_stage0"
    },
    "age\u003d1": {
      "model": "block/nether_wart_stage1"
    },
    "age\u003d2": {
      "model": "block/nether_wart_stage2"
    },
    "age\u003d3": [
		{"model": "block/nether_wart_stage3" },
		{"model": "block/nether_wart_stage3", "y": 90 },
		{"model": "block/nether_wart_stage3", "y": 180 },
		{"model": "block/nether_wart_stage3", "y": 270 },
		{"model": "block/nether_wart_stage3_1" },
		{"model": "block/nether_wart_stage3_1", "y": 90 },
		{"model": "block/nether_wart_stage3_1", "y": 180 },
		{"model": "block/nether_wart_stage3_1", "y": 270 },
		{"model": "block/nether_wart_stage3_1" },
		{"model": "block/nether_wart_stage3_2", "y": 90 },
		{"model": "block/nether_wart_stage3_2", "y": 180 },
		{"model": "block/nether_wart_stage3_2", "y": 270 },
		{"model": "block/nether_wart_stage3_3" },
		{"model": "block/nether_wart_stage3_3", "y": 90 },
		{"model": "block/nether_wart_stage3_3", "y": 180 },
		{"model": "block/nether_wart_stage3_3", "y": 270 }
	]
  }
}
