{
  "multipart": [
    {"when": { "up": "false", "north": "low", "east": "none", "south": "none", "west": "low" },
      "apply": { "model": "minecraft:block/beam_core" }
	  },
	{"when": { "up": "false", "north": "low", "east": "low", "south": "none", "west": "none" },
      "apply": { "model": "minecraft:block/beam_core", "y": 90 }
	  },
	{"when": { "up": "false", "north": "none", "east": "low", "south": "low", "west": "none" },
      "apply": { "model": "minecraft:block/beam_core", "y": 180 }
	  },
	{"when": { "up": "false", "north": "none", "east": "none", "south": "low", "west": "low" },
      "apply": { "model": "minecraft:block/beam_core", "y": 270 }
	  },
	
	
	{"when": { "up": "false", "north": "none", "east": "tall", "south": "none", "west": "low" },
      "apply": [{ "model": "minecraft:block/beam_diagonal_e" }]
	  },
	{"when": { "up": "false", "north": "low", "east": "none", "south": "tall", "west": "none" },
      "apply": [{ "model": "minecraft:block/beam_diagonal_e", "y": 90 }]
	  },
	{"when": { "up": "false", "north": "none", "east": "low", "south": "none", "west": "tall" },
      "apply": [{ "model": "minecraft:block/beam_diagonal_e", "y": 180 }]
	  },
	{"when": { "up": "false", "north": "tall", "east": "none", "south": "low", "west": "none" },
      "apply": [{ "model": "minecraft:block/beam_diagonal_e", "y": 270 }]
	  },
	{"when": { "up": "false", "north": "none", "east": "low", "south": "none", "west": "low" },
      "apply": [{ "model": "minecraft:block/beam_diagonal_e_down" }]
	  },
	{"when": { "up": "false", "north": "low", "east": "none", "south": "low", "west": "none" },
      "apply": [{ "model": "minecraft:block/beam_diagonal_e_down", "y": 90 }]
	  },
	{"when": { "up": "true", "north": "none", "east": "low", "south": "none", "west": "low" },
      "apply": [{ "model": "minecraft:block/beam_diagonal_e_down", "y": 180 }]
	  },
	{"when": { "up": "true", "north": "low", "east": "none", "south": "low", "west": "none" },
      "apply": [{ "model": "minecraft:block/beam_diagonal_e_down", "y": 270 }]
	  }, 
	  
	  
	{"when": { "up": "true", "north": "low", "east": "none", "south": "tall", "west": "none" },
      "apply": [{ "model": "minecraft:block/beam_diagonal_s" }]
	  },
	{"when": { "up": "true", "north": "none", "east": "low", "south": "none", "west": "tall" },
      "apply": [{ "model": "minecraft:block/beam_diagonal_s", "y": 90 }]
	  },
	{"when": { "up": "true", "north": "tall", "east": "none", "south": "low", "west": "none" },
      "apply": [{ "model": "minecraft:block/beam_diagonal_s", "y": 180 }]
	  },
	{"when": { "up": "true", "north": "none", "east": "tall", "south": "none", "west": "low" },
      "apply": [{ "model": "minecraft:block/beam_diagonal_s", "y": 270 }]
	  },
	{"when": { "up": "false", "north": "low", "east": "none", "south": "low", "west": "low" },
      "apply": [{ "model": "minecraft:block/beam_diagonal_s_down" }]
	  },
	{"when": { "up": "false", "north": "low", "east": "low", "south": "none", "west": "low" },
      "apply": [{ "model": "minecraft:block/beam_diagonal_s_down", "y": 90 }]
	  },
	{"when": { "up": "false", "north": "low", "east": "low", "south": "low", "west": "none" },
      "apply": [{ "model": "minecraft:block/beam_diagonal_s_down", "y": 180 }]
	  },
	{"when": { "up": "false", "north": "none", "east": "low", "south": "low", "west": "low" },
      "apply": [{ "model": "minecraft:block/beam_diagonal_s_down", "y": 270 }]
	  },
	  
	  
	{"when": { "up": "false", "north": "none", "east": "none", "south": "none", "west": "tall" },
      "apply": [{ "model": "minecraft:block/beam_diagonal_w" }]
	  },
	{"when": { "up": "false", "north": "tall", "east": "none", "south": "none", "west": "none" },
      "apply": [{ "model": "minecraft:block/beam_diagonal_w", "y": 90 }]
	  },
	{"when": { "up": "false", "north": "none", "east": "tall", "south": "none", "west": "none" },
      "apply": [{ "model": "minecraft:block/beam_diagonal_w", "y": 180 }]
	  },
	{"when": { "up": "false", "north": "none", "east": "none", "south": "tall", "west": "none" },
      "apply": [{ "model": "minecraft:block/beam_diagonal_w", "y": 270 }]
	  },
	{"when": { "up": "false", "north": "none", "east": "none", "south": "none", "west": "low" },
      "apply": [{ "model": "minecraft:block/beam_diagonal_w_down" }]
	  },
	{"when": { "up": "false", "north": "low", "east": "none", "south": "none", "west": "none" },
      "apply": [{ "model": "minecraft:block/beam_diagonal_w_down", "y": 90 }]
	  },
	{"when": { "up": "false", "north": "none", "east": "low", "south": "none", "west": "none" },
      "apply": [{ "model": "minecraft:block/beam_diagonal_w_down", "y": 180 }]
	  },
	{"when": { "up": "false", "north": "none", "east": "none", "south": "low", "west": "none" },
      "apply": [{ "model": "minecraft:block/beam_diagonal_w_down", "y": 270 }]
	  },   
	
	
	{"when": { "up": "true", "north": "tall", "east": "none", "south": "none", "west": "none" },
      "apply": [{ "model": "minecraft:block/beam_diagonal_n" }]
	  },
	{"when": { "up": "true", "north": "none", "east": "tall", "south": "none", "west": "none" },
      "apply": [{ "model": "minecraft:block/beam_diagonal_n", "y": 90 }]
	  },
	{"when": { "up": "true", "north": "none", "east": "none", "south": "tall", "west": "none" },
      "apply": [{ "model": "minecraft:block/beam_diagonal_n", "y": 180 }]
	  },
	{"when": { "up": "true", "north": "none", "east": "none", "south": "none", "west": "tall" },
      "apply": [{ "model": "minecraft:block/beam_diagonal_n", "y": 270 }]
	  },
	{"when": { "up": "true", "north": "low", "east": "none", "south": "none", "west": "none" },
      "apply": [{ "model": "minecraft:block/beam_diagonal_n_down" }]
	  },
	{"when": { "up": "true", "north": "none", "east": "low", "south": "none", "west": "none" },
      "apply": [{ "model": "minecraft:block/beam_diagonal_n_down", "y": 90 }]
	  },
	{"when": { "up": "true", "north": "none", "east": "none", "south": "low", "west": "none" },
      "apply": [{ "model": "minecraft:block/beam_diagonal_n_down", "y": 180 }]
	  },
	{"when": { "up": "true", "north": "none", "east": "none", "south": "none", "west": "low" },
      "apply": [{ "model": "minecraft:block/beam_diagonal_n_down", "y": 270 }]
	  },
	
	  
	{"when": { "up": "true", "north": "tall", "east": "none", "south": "none", "west": "tall" },
      "apply": [{ "model": "minecraft:block/beam_diagonal_n_support" }]
	  },
	{"when": { "up": "true", "north": "tall", "east": "tall", "south": "none", "west": "none" },
      "apply": [{ "model": "minecraft:block/beam_diagonal_n_support", "y": 90 }]
	  },
	{"when": { "up": "true", "north": "none", "east": "tall", "south": "tall", "west": "none" },
      "apply": [{ "model": "minecraft:block/beam_diagonal_n_support", "y": 180 }]
	  },
	{"when": { "up": "true", "north": "none", "east": "none", "south": "tall", "west": "tall" },
      "apply": [{ "model": "minecraft:block/beam_diagonal_n_support", "y": 270 }]
	  },
	{"when": { "up": "false", "north": "low", "east": "none", "south": "none", "west": "tall" },
      "apply": [{ "model": "minecraft:block/beam_diagonal_w_support" }]
	  },
	{"when": { "up": "false", "north": "tall", "east": "low", "south": "none", "west": "none" },
      "apply": [{ "model": "minecraft:block/beam_diagonal_w_support", "y": 90 }]
	  },
	{"when": { "up": "false", "north": "none", "east": "tall", "south": "low", "west": "none" },
      "apply": [{ "model": "minecraft:block/beam_diagonal_w_support", "y": 180 }]
	  },
	{"when": { "up": "false", "north": "none", "east": "none", "south": "tall", "west": "low" },
      "apply": [{ "model": "minecraft:block/beam_diagonal_w_support", "y": 270 }]
	  },
	  
	  
	{"when": { "up": "false", "north": "tall", "east": "none", "south": "tall", "west": "tall" },
      "apply": [{ "model": "minecraft:block/beam_diagonal_sw" }]
	  },
	{"when": { "up": "false", "north": "tall", "east": "tall", "south": "none", "west": "tall" },
      "apply": [{ "model": "minecraft:block/beam_diagonal_sw", "y": 90 }]
	  },
	{"when": { "up": "false", "north": "tall", "east": "tall", "south": "tall", "west": "none" },
      "apply": [{ "model": "minecraft:block/beam_diagonal_sw", "y": 180 }]
	  },
	{"when": { "up": "false", "north": "none", "east": "tall", "south": "tall", "west": "tall" },
      "apply": [{ "model": "minecraft:block/beam_diagonal_sw", "y": 270 }]
	  },
	{"when": { "up": "true", "north": "low", "east": "none", "south": "low", "west": "low" },
      "apply": [{ "model": "minecraft:block/beam_diagonal_sw_down" }]
	  },
	{"when": { "up": "true", "north": "low", "east": "low", "south": "none", "west": "low" },
      "apply": [{ "model": "minecraft:block/beam_diagonal_sw_down", "y": 90 }]
	  },
	{"when": { "up": "true", "north": "low", "east": "low", "south": "low", "west": "none" },
      "apply": [{ "model": "minecraft:block/beam_diagonal_sw_down", "y": 180 }]
	  },
	{"when": { "up": "true", "north": "none", "east": "low", "south": "low", "west": "low" },
      "apply": [{ "model": "minecraft:block/beam_diagonal_sw_down", "y": 270 }]
	  },
	  
	  
	{"when": { "up": "false", "north": "tall", "east": "none", "south": "none", "west": "tall" },
      "apply": [{ "model": "minecraft:block/beam_diagonal_nw" }]
	  },
	{"when": { "up": "false", "north": "tall", "east": "tall", "south": "none", "west": "none" },
      "apply": [{ "model": "minecraft:block/beam_diagonal_nw", "y": 90 }]
	  },
	{"when": { "up": "false", "north": "none", "east": "tall", "south": "tall", "west": "none" },
      "apply": [{ "model": "minecraft:block/beam_diagonal_nw", "y": 180 }]
	  },
	{"when": { "up": "false", "north": "none", "east": "none", "south": "tall", "west": "tall" },
      "apply": [{ "model": "minecraft:block/beam_diagonal_nw", "y": 270 }]
	  },
	{"when": { "up": "true", "north": "low", "east": "none", "south": "none", "west": "low" },
      "apply": [{ "model": "minecraft:block/beam_diagonal_nw_down" }]
	  },
	{"when": { "up": "true", "north": "low", "east": "low", "south": "none", "west": "none" },
      "apply": [{ "model": "minecraft:block/beam_diagonal_nw_down", "y": 90 }]
	  },
	{"when": { "up": "true", "north": "none", "east": "low", "south": "low", "west": "none" },
      "apply": [{ "model": "minecraft:block/beam_diagonal_nw_down", "y": 180 }]
	  },
	{"when": { "up": "true", "north": "none", "east": "none", "south": "low", "west": "low" },
      "apply": [{ "model": "minecraft:block/beam_diagonal_nw_down", "y": 270 }]
	  },
	
	
	{"when": { "up": "false", "north": "low", "east": "tall", "south": "none", "west": "tall" },
      "apply": [{ "model": "minecraft:block/beam_diagonal_ne" }]
	  },
	{"when": { "up": "false", "north": "tall", "east": "low", "south": "tall", "west": "none" },
      "apply": [{ "model": "minecraft:block/beam_diagonal_ne", "y": 90 }]
	  },
	{"when": { "up": "false", "north": "none", "east": "tall", "south": "low", "west": "tall" },
      "apply": [{ "model": "minecraft:block/beam_diagonal_ne", "y": 180 }]
	  },
	{"when": { "up": "false", "north": "tall", "east": "none", "south": "tall", "west": "low" },
      "apply": [{ "model": "minecraft:block/beam_diagonal_ne", "y": 270 }]
	  },
	{"when": { "up": "false", "north": "tall", "east": "low", "south": "none", "west": "low" },
      "apply": [{ "model": "minecraft:block/beam_diagonal_ne_down" }]
	  },
	{"when": { "up": "false", "north": "low", "east": "tall", "south": "low", "west": "none" },
      "apply": [{ "model": "minecraft:block/beam_diagonal_ne_down", "y": 90 }]
	  },
	{"when": { "up": "false", "north": "none", "east": "low", "south": "tall", "west": "low" },
      "apply": [{ "model": "minecraft:block/beam_diagonal_ne_down", "y": 180 }]
	  },
	{"when": { "up": "false", "north": "low", "east": "none", "south": "low", "west": "tall" },
      "apply": [{ "model": "minecraft:block/beam_diagonal_ne_down", "y": 270 }]
	  },
	  
	  
	{"when": { "up": "false", "north": "none", "east": "tall", "south": "none", "west": "tall" },
      "apply": [{ "model": "minecraft:block/beam_diagonal_we" }]
	  },
	{"when": { "up": "false", "north": "tall", "east": "none", "south": "tall", "west": "none" },
      "apply": [{ "model": "minecraft:block/beam_diagonal_we", "y": 90 }]
	  },
	{"when": { "up": "true", "north": "none", "east": "tall", "south": "none", "west": "tall" },
      "apply": [{ "model": "minecraft:block/beam_diagonal_we", "y": 180 }]
	  },
	{"when": { "up": "true", "north": "tall", "east": "none", "south": "tall", "west": "none" },
      "apply": [{ "model": "minecraft:block/beam_diagonal_we", "y": 270 }]
	  },
	{"when": { "up": "true", "north": "tall", "east": "low", "south": "none", "west": "low" },
      "apply": [{ "model": "minecraft:block/beam_diagonal_we_down" }]
	  },
	{"when": { "up": "true", "north": "low", "east": "tall", "south": "low", "west": "none" },
      "apply": [{ "model": "minecraft:block/beam_diagonal_we_down", "y": 90 }]
	  },
	{"when": { "up": "true", "north": "none", "east": "low", "south": "tall", "west": "low" },
      "apply": [{ "model": "minecraft:block/beam_diagonal_we_down", "y": 180 }]
	  },
	{"when": { "up": "true", "north": "low", "east": "none", "south": "low", "west": "tall" },
      "apply": [{ "model": "minecraft:block/beam_diagonal_we_down", "y": 270 }]
	  },
	  
	  
	{"when": { "up": "true", "north": "tall", "east": "none", "south": "tall", "west": "tall" },
      "apply": [{ "model": "minecraft:block/beam_diagonal_ns" }]
	  },
	{"when": { "up": "true", "north": "tall", "east": "tall", "south": "none", "west": "tall" },
      "apply": [{ "model": "minecraft:block/beam_diagonal_ns", "y": 90 }]
	  },
	{"when": { "up": "true", "north": "tall", "east": "tall", "south": "tall", "west": "none" },
      "apply": [{ "model": "minecraft:block/beam_diagonal_ns", "y": 180 }]
	  },
	{"when": { "up": "true", "north": "none", "east": "tall", "south": "tall", "west": "tall" },
      "apply": [{ "model": "minecraft:block/beam_diagonal_ns", "y": 270 }]
	  },
	{"when": { "up": "true", "north": "tall", "east": "none", "south": "low", "west": "tall" },
      "apply": [{ "model": "minecraft:block/beam_diagonal_ns_down" }]
	  },
	{"when": { "up": "true", "north": "tall", "east": "tall", "south": "none", "west": "low" },
      "apply": [{ "model": "minecraft:block/beam_diagonal_ns_down", "y": 90 }]
	  },
	{"when": { "up": "true", "north": "low", "east": "tall", "south": "tall", "west": "none" },
      "apply": [{ "model": "minecraft:block/beam_diagonal_ns_down", "y": 180 }]
	  },
	{"when": { "up": "true", "north": "none", "east": "low", "south": "tall", "west": "tall" },
      "apply": [{ "model": "minecraft:block/beam_diagonal_ns_down", "y": 270 }]
	  },
	  
	 
	{"when": { "up": "false", "north": "none", "east": "low", "south": "low", "west": "tall" },
      "apply": [{ "model": "minecraft:block/beam_diagonal_wes" }]
	  },
	{"when": { "up": "false", "north": "tall", "east": "none", "south": "low", "west": "low" },
      "apply": [{ "model": "minecraft:block/beam_diagonal_wes", "y": 90 }]
	  },
	{"when": { "up": "false", "north": "low", "east": "tall", "south": "none", "west": "low" },
      "apply": [{ "model": "minecraft:block/beam_diagonal_wes", "y": 180 }]
	  },
	{"when": { "up": "false", "north": "low", "east": "low", "south": "tall", "west": "none" },
      "apply": [{ "model": "minecraft:block/beam_diagonal_wes", "y": 270 }]
	  },
	{"when": { "up": "true", "north": "none", "east": "low", "south": "low", "west": "tall" },
      "apply": [{ "model": "minecraft:block/beam_diagonal_wes_down" }]
	  },
	{"when": { "up": "true", "north": "tall", "east": "none", "south": "low", "west": "low" },
      "apply": [{ "model": "minecraft:block/beam_diagonal_wes_down", "y": 90 }]
	  },
	{"when": { "up": "true", "north": "low", "east": "tall", "south": "none", "west": "low" },
      "apply": [{ "model": "minecraft:block/beam_diagonal_wes_down", "y": 180 }]
	  },
	{"when": { "up": "true", "north": "low", "east": "low", "south": "tall", "west": "none" },
      "apply": [{ "model": "minecraft:block/beam_diagonal_wes_down", "y": 270 }]
	  },
	  
	  
	{"when": { "up": "true", "north": "low", "east": "none", "south": "none", "west": "tall" },
      "apply": [{ "model": "minecraft:block/beam_diagonal_nsw" }]
	  },
	{"when": { "up": "true", "north": "tall", "east": "low", "south": "none", "west": "none" },
      "apply": [{ "model": "minecraft:block/beam_diagonal_nsw", "y": 90 }]
	  },
	{"when": { "up": "true", "north": "none", "east": "tall", "south": "low", "west": "none" },
      "apply": [{ "model": "minecraft:block/beam_diagonal_nsw", "y": 180 }]
	  },
	{"when": { "up": "true", "north": "none", "east": "none", "south": "tall", "west": "low" },
      "apply": [{ "model": "minecraft:block/beam_diagonal_nsw", "y": 270 }]
	  },
	{"when": { "up": "true", "north": "tall", "east": "none", "south": "none", "west": "low" },
      "apply": [{ "model": "minecraft:block/beam_diagonal_nsw_down" }]
	  },
	{"when": { "up": "true", "north": "low", "east": "tall", "south": "none", "west": "none" },
      "apply": [{ "model": "minecraft:block/beam_diagonal_nsw_down", "y": 90 }]
	  },
	{"when": { "up": "true", "north": "none", "east": "low", "south": "tall", "west": "none" },
      "apply": [{ "model": "minecraft:block/beam_diagonal_nsw_down", "y": 180 }]
	  },
	{"when": { "up": "true", "north": "none", "east": "none", "south": "low", "west": "tall" },
      "apply": [{ "model": "minecraft:block/beam_diagonal_nsw_down", "y": 270 }]
	  },
	  
	  
	{"when": { "up": "false", "north": "tall", "east": "low", "south": "none", "west": "tall" },
      "apply": [{ "model": "minecraft:block/beam_diagonal_nwe" }]
	  },
	{"when": { "up": "false", "north": "tall", "east": "tall", "south": "low", "west": "none" },
      "apply": [{ "model": "minecraft:block/beam_diagonal_nwe", "y": 90 }]
	  },
	{"when": { "up": "false", "north": "none", "east": "tall", "south": "tall", "west": "low" },
      "apply": [{ "model": "minecraft:block/beam_diagonal_nwe", "y": 180 }]
	  },
	{"when": { "up": "false", "north": "low", "east": "none", "south": "tall", "west": "tall" },
      "apply": [{ "model": "minecraft:block/beam_diagonal_nwe", "y": 270 }]
	  },
	{"when": { "up": "true", "north": "tall", "east": "low", "south": "none", "west": "tall" },
      "apply": [{ "model": "minecraft:block/beam_diagonal_nwe_down" }]
	  },
	{"when": { "up": "true", "north": "tall", "east": "tall", "south": "low", "west": "none" },
      "apply": [{ "model": "minecraft:block/beam_diagonal_nwe_down", "y": 90 }]
	  },
	{"when": { "up": "true", "north": "none", "east": "tall", "south": "tall", "west": "low" },
      "apply": [{ "model": "minecraft:block/beam_diagonal_nwe_down", "y": 180 }]
	  },
	{"when": { "up": "true", "north": "low", "east": "none", "south": "tall", "west": "tall" },
      "apply": [{ "model": "minecraft:block/beam_diagonal_nwe_down", "y": 270 }]
	  },
	  
	  
	{"when": { "up": "false", "north": "low", "east": "none", "south": "tall", "west": "low" },
      "apply": [{ "model": "minecraft:block/beam_diagonal_sw_support" }]
	  },
	{"when": { "up": "false", "north": "low", "east": "low", "south": "none", "west": "tall" },
      "apply": [{ "model": "minecraft:block/beam_diagonal_sw_support", "y": 90 }]
	  },
	{"when": { "up": "false", "north": "tall", "east": "low", "south": "low", "west": "none" },
      "apply": [{ "model": "minecraft:block/beam_diagonal_sw_support", "y": 180 }]
	  },
	{"when": { "up": "false", "north": "none", "east": "tall", "south": "low", "west": "low" },
      "apply": [{ "model": "minecraft:block/beam_diagonal_sw_support", "y": 270 }]
	  },
	{"when": { "up": "true", "north": "low", "east": "low", "south": "none", "west": "tall" },
      "apply": [{ "model": "minecraft:block/beam_diagonal_ne_support" }]
	  },
	{"when": { "up": "true", "north": "tall", "east": "low", "south": "low", "west": "none" },
      "apply": [{ "model": "minecraft:block/beam_diagonal_ne_support", "y": 90 }]
	  },
	{"when": { "up": "true", "north": "none", "east": "tall", "south": "low", "west": "low" },
      "apply": [{ "model": "minecraft:block/beam_diagonal_ne_support", "y": 180 }]
	  },
	{"when": { "up": "true", "north": "low", "east": "none", "south": "tall", "west": "low" },
      "apply": [{ "model": "minecraft:block/beam_diagonal_ne_support", "y": 270 }]
	  },
	  
	  
	{"when": { "up": "false", "north": "tall", "east": "low", "south": "low", "west": "tall" },
      "apply": [{ "model": "minecraft:block/beam_diagonal_nswe" }]
	  },
	{"when": { "up": "false", "north": "tall", "east": "tall", "south": "low", "west": "low" },
      "apply": [{ "model": "minecraft:block/beam_diagonal_nswe", "y": 90 }]
	  },
	{"when": { "up": "false", "north": "low", "east": "tall", "south": "tall", "west": "low" },
      "apply": [{ "model": "minecraft:block/beam_diagonal_nswe", "y": 180 }]
	  },
	{"when": { "up": "false", "north": "low", "east": "low", "south": "tall", "west": "tall" },
      "apply": [{ "model": "minecraft:block/beam_diagonal_nswe", "y": 270 }]
	  },
	{"when": { "up": "true", "north": "tall", "east": "low", "south": "low", "west": "tall" },
      "apply": [{ "model": "minecraft:block/beam_diagonal_nswe_down" }]
	  },
	{"when": { "up": "true", "north": "tall", "east": "tall", "south": "low", "west": "low" },
      "apply": [{ "model": "minecraft:block/beam_diagonal_nswe_down", "y": 90 }]
	  },
	{"when": { "up": "true", "north": "low", "east": "tall", "south": "tall", "west": "low" },
      "apply": [{ "model": "minecraft:block/beam_diagonal_nswe_down", "y": 180 }]
	  },
	{"when": { "up": "true", "north": "low", "east": "low", "south": "tall", "west": "tall" },
      "apply": [{ "model": "minecraft:block/beam_diagonal_nswe_down", "y": 270 }]
	  },
	  
	  
	{"when": { "up": "false", "north": "tall", "east": "tall", "south": "none", "west": "low" },
      "apply": [{ "model": "minecraft:block/beam_diagonal_e_support" }]
	  },
	{"when": { "up": "false", "north": "low", "east": "tall", "south": "tall", "west": "none" },
      "apply": [{ "model": "minecraft:block/beam_diagonal_e_support", "y": 90 }]
	  },
	{"when": { "up": "false", "north": "none", "east": "low", "south": "tall", "west": "tall" },
      "apply": [{ "model": "minecraft:block/beam_diagonal_e_support", "y": 180 }]
	  },
	{"when": { "up": "false", "north": "tall", "east": "none", "south": "low", "west": "tall" },
      "apply": [{ "model": "minecraft:block/beam_diagonal_e_support", "y": 270 }]
	  },
	{"when": { "up": "true", "north": "tall", "east": "none", "south": "tall", "west": "low" },
      "apply": [{ "model": "minecraft:block/beam_diagonal_s_support" }]
	  },
	{"when": { "up": "true", "north": "low", "east": "tall", "south": "none", "west": "tall" },
      "apply": [{ "model": "minecraft:block/beam_diagonal_s_support", "y": 90 }]
	  },
	{"when": { "up": "true", "north": "tall", "east": "low", "south": "tall", "west": "none" },
      "apply": [{ "model": "minecraft:block/beam_diagonal_s_support", "y": 180 }]
	  },
	{"when": { "up": "true", "north": "none", "east": "tall", "south": "low", "west": "tall" },
      "apply": [{ "model": "minecraft:block/beam_diagonal_s_support", "y": 270 }]
	  },
	  
	  
	{"when": { "up": "false", "north": "tall", "east": "none", "south": "none", "west": "low" },
      "apply": [{ "model": "minecraft:block/beam_diagonal_nw_support" }]
	  },
	{"when": { "up": "false", "north": "low", "east": "tall", "south": "none", "west": "none" },
      "apply": [{ "model": "minecraft:block/beam_diagonal_nw_support", "y": 90 }]
	  },
	{"when": { "up": "false", "north": "none", "east": "low", "south": "tall", "west": "none" },
      "apply": [{ "model": "minecraft:block/beam_diagonal_nw_support", "y": 180 }]
	  },
	{"when": { "up": "false", "north": "none", "east": "none", "south": "low", "west": "tall" },
      "apply": [{ "model": "minecraft:block/beam_diagonal_nw_support", "y": 270 }]
	  },
	  
	  
	{"when": { "up": "false", "north": "tall", "east": "tall", "south": "tall", "west": "low" },
      "apply": [{ "model": "minecraft:block/beam_diagonal_se_support" }]
	  },
	{"when": { "up": "false", "north": "low", "east": "tall", "south": "tall", "west": "tall" },
      "apply": [{ "model": "minecraft:block/beam_diagonal_se_support", "y": 90 }]
	  },
	{"when": { "up": "false", "north": "tall", "east": "low", "south": "tall", "west": "tall" },
      "apply": [{ "model": "minecraft:block/beam_diagonal_se_support", "y": 180 }]
	  },
	{"when": { "up": "false", "north": "tall", "east": "tall", "south": "low", "west": "tall" },
      "apply": [{ "model": "minecraft:block/beam_diagonal_se_support", "y": 270 }]
	  },
	  
	  
	{"when": { "up": "true", "north": "low", "east": "tall", "south": "low", "west": "low" },
      "apply": [{ "model": "minecraft:block/beam_diagonal_se" }]
	  },
	{"when": { "up": "true", "north": "low", "east": "low", "south": "tall", "west": "low" },
      "apply": [{ "model": "minecraft:block/beam_diagonal_se", "y": 90 }]
	  },
	{"when": { "up": "true", "north": "low", "east": "low", "south": "low", "west": "tall" },
      "apply": [{ "model": "minecraft:block/beam_diagonal_se", "y": 180 }]
	  },
	{"when": { "up": "true", "north": "tall", "east": "low", "south": "low", "west": "low" },
      "apply": [{ "model": "minecraft:block/beam_diagonal_se", "y": 270 }]
	  },
	  
	  
	{"when": { "up": "false", "north": "low", "east": "low", "south": "low", "west": "tall" },
      "apply": [{ "model": "minecraft:block/beam_diagonal_se_down" }]
	  },
	{"when": { "up": "false", "north": "tall", "east": "low", "south": "low", "west": "low" },
      "apply": [{ "model": "minecraft:block/beam_diagonal_se_down", "y": 90 }]
	  },
	{"when": { "up": "false", "north": "low", "east": "tall", "south": "low", "west": "low" },
      "apply": [{ "model": "minecraft:block/beam_diagonal_se_down", "y": 180 }]
	  },
	{"when": { "up": "false", "north": "low", "east": "low", "south": "tall", "west": "low" },
      "apply": [{ "model": "minecraft:block/beam_diagonal_se_down", "y": 270 }]
	  },
	  
	  
	{"when": { "up": "true", "north": "tall", "east": "tall", "south": "tall", "west": "low" },
      "apply": [{ "model": "minecraft:block/beam_diagonal_nse" }]
	  },
	{"when": { "up": "true", "north": "low", "east": "tall", "south": "tall", "west": "tall" },
      "apply": [{ "model": "minecraft:block/beam_diagonal_nse", "y": 90 }]
	  },
	{"when": { "up": "true", "north": "tall", "east": "low", "south": "tall", "west": "tall" },
      "apply": [{ "model": "minecraft:block/beam_diagonal_nse", "y": 180 }]
	  },
	{"when": { "up": "true", "north": "tall", "east": "tall", "south": "low", "west": "tall" },
      "apply": [{ "model": "minecraft:block/beam_diagonal_nse", "y": 270 }]
	  },
	{"when": { "up": "false", "north": "low", "east": "tall", "south": "low", "west": "tall" },
      "apply": [{ "model": "minecraft:block/beam_diagonal_nse_down" }]
	  },
	{"when": { "up": "false", "north": "tall", "east": "low", "south": "tall", "west": "low" },
      "apply": [{ "model": "minecraft:block/beam_diagonal_nse_down", "y": 90 }]
	  },
	{"when": { "up": "true", "north": "low", "east": "tall", "south": "low", "west": "tall" },
      "apply": [{ "model": "minecraft:block/beam_diagonal_nse_down", "y": 180 }]
	  },
	{"when": { "up": "true", "north": "tall", "east": "low", "south": "tall", "west": "low" },
      "apply": [{ "model": "minecraft:block/beam_diagonal_nse_down", "y": 270 }]
	  }
  ]
}