{
  "variants": {
    "": [
      {
        "model": "block/red_sandstone"
      },
      {
        "model": "block/red_sandstone_normal_1"
      },
      {
        "model": "block/red_sandstone_normal_2"
      },
      {
        "model": "block/red_sandstone_normal_3"
      },
      {
        "model": "block/red_sandstone_normal_4"
      },
      {
        "model": "block/red_sandstone_normal_5"
      },
      {
        "model": "block/red_sandstone_normal_6"
      }
    ]
  }
}
