{
  "variants": {
    "extended\u003dfalse,facing\u003ddown": {
      "model": "block/replace",
      "x": 90
    },
    "extended\u003dfalse,facing\u003dup": {
      "model": "block/replace",
      "x": 270
    },
    "extended\u003dfalse,facing\u003dnorth": {
      "model": "block/replace"
    },
    "extended\u003dfalse,facing\u003dsouth": {
      "model": "block/replace",
      "y": 180
    },
    "extended\u003dfalse,facing\u003dwest": {
      "model": "block/replace",
      "y": 270
    },
    "extended\u003dfalse,facing\u003deast": {
      "model": "block/replace",
      "y": 90
    },
    "extended\u003dtrue,facing\u003ddown": {
      "model": "block/piston_sticky_extended",
      "x": 90
    },
    "extended\u003dtrue,facing\u003dup": {
      "model": "block/piston_sticky_extended_up"
    },
    "extended\u003dtrue,facing\u003dnorth": {
      "model": "block/piston_sticky_extended"
    },
    "extended\u003dtrue,facing\u003dsouth": {
      "model": "block/piston_sticky_extended",
      "y": 180
    },
    "extended\u003dtrue,facing\u003dwest": {
      "model": "block/piston_sticky_extended",
      "y": 270
    },
    "extended\u003dtrue,facing\u003deast": {
      "model": "block/piston_sticky_extended",
      "y": 90
    }
  }
}
