{
    "variants": {
        "axis=y": { "model": "block/stripped_birch_wood" },
        "axis=z": { "model": "block/stripped_birch_wood", "x": 90 },
        "axis=x": [ 
      {
        "model": "block/brown_mushroom_block_w",
        "weight": 1
      },
      {
        "model": "block/brown_mushroom_block_w_1",
        "weight": 1
      },
      {
        "model": "block/brown_mushroom_block_w_2",
        "weight": 1
      },
      {
        "model": "block/brown_mushroom_block_w_3",
        "weight": 1
      },
      {
        "model": "block/brown_mushroom_block_w_4",
        "weight": 1
      },
      {
        "model": "block/brown_mushroom_block_w_5",
        "weight": 1
      },
      {
        "model": "block/brown_mushroom_block_w_6",
        "weight": 1
      },
      {
        "model": "block/brown_mushroom_block_w_7",
        "weight": 1
      },
      {
        "model": "block/brown_mushroom_block_w_8",
        "weight": 1
      },
      {
        "model": "block/brown_mushroom_block_w_9",
        "weight": 1
      }
    ]
    }
}
