{
	"credit": "Made with Blockbench",
	"textures": {
		"0": "block/stripped_oak_wood_4",
		"particle": "block/stripped_oak_wood_4"
	},
	"elements": [
		{
			"name": "vert_halfslabs",
			"from": [0, 0, 0],
			"to": [16, 16, 8],
			"rotation": {"angle": 0, "axis": "y", "origin": [8, 8, 4]},
			"faces": {
				"north": {"uv": [0, 0, 16, 16], "texture": "#0"},
				"east": {"uv": [0, 0, 8, 16], "texture": "#0"},
				"south": {"uv": [0, 0, 16, 16], "texture": "#0"},
				"west": {"uv": [0, 0, 8, 16], "texture": "#0"},
				"up": {"uv": [0, 0, 8, 16], "rotation": 90, "texture": "#0"},
				"down": {"uv": [0, 0, 8, 16], "rotation": 270, "texture": "#0"}
			}
		}
	]
}