{
  "parent": "special-model-loader:builtin/obj",
  "particle": "mcme:block/beech_log_composite",
  "flip_v": true,
  "mtl_override": "mcme:models/block/beech_branch_45_straight.mtl",
  "model": "mcme:models/block/branch_45_straight_parent.obj",
	"gui_light": "front",
	"display": {
		"firstperson_righthand": {
			"translation": [3.5, 0, 0],
			"scale": [0.5, 0.5, 0.5]
		},
		"gui": {
			"rotation": [5, 74, 0],
			"translation": [5, 0.25, 0],
			"scale": [0.75, 0.75, 0.75]
		}
	}
}