{
    "parent": "special-model-loader:builtin/obj",
    "particle": "mcme:block/birch_leaves",
    "flip_v": true,
    "mtl_override": "mcme:models/block/birch_leaves_yellowish_2.mtl",
    "model": "mcme:models/block/leaves_extended_parent_2.obj",
    "gui_light": "front",
    "display": {
        "firstperson_righthand": {
            "translation": [
                3.5,
                0,
                0
            ],
            "scale": [
                0.5,
                0.5,
                0.5
            ]
        },
        "gui": {
            "rotation": [
                0,
                0,
                0
            ],
            "translation": [
                0,
                0.25,
                0
            ],
            "scale": [
                0.6,
                0.6,
                0.6
            ]
        }
    }
}