{
  "parent": "special-model-loader:builtin/obj",
  "particle": "mcme:block/birch_log_composite",
  "flip_v": true,
  "mtl_override": "mcme:models/block/birch_thin_trunk_vertical.mtl",
  "model": "mcme:models/block/thin_trunk_vertical_parent.obj",
	"gui_light": "front",
	"display": {
		"firstperson_righthand": {
			"translation": [3.5, 0, 0],
			"scale": [0.5, 0.5, 0.5]
		},
		"gui": {
			"rotation": [5, 74, 0],
			"translation": [0, 0.25, 0],
			"scale": [0.75, 0.75, 0.75]
		}
	}
}