{
    "parent": "special-model-loader:builtin/obj",
    "particle": "mcme:block/birch_leaves_halfslab",
    "flip_v": true,
    "mtl_override": "mcme:models/block/birch_leaves_yellowish_vertical_slab_4_2.mtl",
    "model": "mcme:models/block/leaves_vertical_slab_extended_parent_4_2.obj",
    "gui_light": "front",
    "display": {
        "firstperson_righthand": {
            "translation": [
                3.5,
                0,
                0
            ],
            "scale": [
                0.5,
                0.5,
                0.5
            ]
        },
        "gui": {
            "rotation": [
                -90,
                0,
                0
            ],
            "translation": [
                0,
                0.25,
                0
            ],
            "scale": [
                0.75,
                0.75,
                0.75
            ]
        }
    }
}