{
  "parent": "special-model-loader:builtin/obj",
  "particle": "mcme:block/fernt_sm_c",
  "flip_v": true,
  "model": "mcme:models/block/charred_fern.obj",
	"gui_light": "front",
	"display": {
		"thirdperson_righthand": {
			"translation": [0, 0, 0],
			"scale": [0.5, 0.5, 0.5]
		},
		"firstperson_righthand": {
			"translation": [3.5, 0, 0],
			"scale": [0.5, 0.5, 0.5]
		},
		"gui": {
			"rotation": [0, 0, 0],
			"translation": [0, -2, 0],
			"scale": [0.6, 0.6, 0.6]
		}
	}
}