{
  "multipart": [
    {
      "when": {
        "up": "true"
      },
      "apply": {
        "model": "minecraft:block/oak_trunk_vertical"
      }
    },
    {
      "when": {
        "north": "low"
      },
      "apply": {
        "model": "minecraft:block/oak_branch_45_straight"
      }
    },
    {
      "when": {
        "east": "low"
      },
      "apply": {
        "model": "minecraft:block/oak_branch_45_straight_2"
      }
    },
    {
      "when": {
        "south": "low"
      },
      "apply": {
        "model": "minecraft:block/oak_branch_45_straight_3"
      }
    },
    {
      "when": {
        "west": "low"
      },
      "apply": {
        "model": "minecraft:block/oak_branch_45_straight_4"
      }
    },
    {
      "when": {
        "north": "tall"
      },
      "apply": {
        "model": "minecraft:block/oak_thin_branch_45_straight"
      }
    },
    {
      "when": {
        "east": "tall"
      },
      "apply": {
        "model": "minecraft:block/oak_thin_branch_45_straight_2"
      }
    },
    {
      "when": {
        "south": "tall"
      },
      "apply": {
        "model": "minecraft:block/oak_thin_branch_45_straight_3"
      }
    },
    {
      "when": {
        "west": "tall"
      },
      "apply": {
        "model": "minecraft:block/oak_thin_branch_45_straight_4"
      }
    }
  ]
}