{
  "variants": {
    "": [
    	{ "model": "block/azure_bluet" },
	  { "model": "block/azure_bluet", "y": 90 },
	  { "model": "block/azure_bluet", "y": 180 },
	  { "model": "block/azure_bluet", "y": 270 },
    
	  { "model": "block/azure_bluet_2" },
	  { "model": "block/azure_bluet_2", "y": 90 },
	  { "model": "block/azure_bluet_2", "y": 180 },
	  { "model": "block/azure_bluet_2", "y": 270 },
	  
	  { "model": "block/azure_bluet_3" },
	  { "model": "block/azure_bluet_3", "y": 90 },
	  { "model": "block/azure_bluet_3", "y": 180 },
	  { "model": "block/azure_bluet_3", "y": 270 }
    ]
  }
}
