{
  "variants": {
    "": [
    	{ "model": "block/blue_orchid" },
	  { "model": "block/blue_orchid", "y": 90 },
	  { "model": "block/blue_orchid", "y": 180 },
	  { "model": "block/blue_orchid", "y": 270 },

    { "model": "block/blue_orchid_2" },
	  { "model": "block/blue_orchid_2", "y": 90 },
	  { "model": "block/blue_orchid_2", "y": 180 },
	  { "model": "block/blue_orchid_2", "y": 270 },

    { "model": "block/blue_orchid_3" },
	  { "model": "block/blue_orchid_3", "y": 90 },
	  { "model": "block/blue_orchid_3", "y": 180 },
	  { "model": "block/blue_orchid_3", "y": 270 }
    ]
  }
}
