{
  "variants": {
    "distance=5,persistent=true": [
			{ "model": "block/dark_oak_leaves_grass_soil" },
            { "model": "block/dark_oak_leaves_grass_soil", "y": 90 },
            { "model": "block/dark_oak_leaves_grass_soil", "y": 180 },
            { "model": "block/dark_oak_leaves_grass_soil", "y": 270 },
			{ "model": "block/dark_oak_leaves_grass_soil_2" },
            { "model": "block/dark_oak_leaves_grass_soil_2", "y": 90 },
            { "model": "block/dark_oak_leaves_grass_soil_2", "y": 180 },
            { "model": "block/dark_oak_leaves_grass_soil_2", "y": 270 },
			{ "model": "block/dark_oak_leaves_grass_soil_3" },
            { "model": "block/dark_oak_leaves_grass_soil_3", "y": 90 },
            { "model": "block/dark_oak_leaves_grass_soil_3", "y": 180 },
            { "model": "block/dark_oak_leaves_grass_soil_3", "y": 270 },
			{ "model": "block/dark_oak_leaves_grass_soil_4" },
            { "model": "block/dark_oak_leaves_grass_soil_4", "y": 90 },
            { "model": "block/dark_oak_leaves_grass_soil_4", "y": 180 },
            { "model": "block/dark_oak_leaves_grass_soil_4", "y": 270 },
			{ "model": "block/dark_oak_leaves_grass_soil_5" },
            { "model": "block/dark_oak_leaves_grass_soil_5", "y": 90 },
            { "model": "block/dark_oak_leaves_grass_soil_5", "y": 180 },
            { "model": "block/dark_oak_leaves_grass_soil_5", "y": 270 },
			{ "model": "block/dark_oak_leaves_grass_soil_6" },
            { "model": "block/dark_oak_leaves_grass_soil_6", "y": 90 },
            { "model": "block/dark_oak_leaves_grass_soil_6", "y": 180 },
            { "model": "block/dark_oak_leaves_grass_soil_6", "y": 270 }
			]
  }
}