{
    "variants": {
        "": [
            { "model": "block/green_concrete" },
            { "model": "block/green_concrete", "y": 90 },
            { "model": "block/green_concrete", "y": 180 },
            { "model": "block/green_concrete", "y": 270 },
            { "model": "block/green_concrete_2" },
            { "model": "block/green_concrete_2", "y": 90 },
            { "model": "block/green_concrete_2", "y": 180 },
            { "model": "block/green_concrete_2", "y": 270 },
            { "model": "block/green_concrete_3" },
            { "model": "block/green_concrete_3", "y": 90 },
            { "model": "block/green_concrete_3", "y": 180 },
            { "model": "block/green_concrete_3", "y": 270 }
        ]
    }
}