{
    "variants": {
        "axis=y": [
		{ "model": "block/oak_log" },
		{ "model": "block/oak_log", "y": 90 },
		{ "model": "block/oak_log", "y": 180 },
		{ "model": "block/oak_log", "y": 270 },
		{ "model": "block/oak_log_2" },
		{ "model": "block/oak_log_2", "y": 90 },
		{ "model": "block/oak_log_2", "y": 180 },
		{ "model": "block/oak_log_2", "y": 270 },
		{ "model": "block/oak_log_3" },
		{ "model": "block/oak_log_3", "y": 90 },
		{ "model": "block/oak_log_3", "y": 180 },
		{ "model": "block/oak_log_3", "y": 270 },
		{ "model": "block/oak_log_4" },
		{ "model": "block/oak_log_4", "y": 90 },
		{ "model": "block/oak_log_4", "y": 180 },
		{ "model": "block/oak_log_4", "y": 270 }
		],
        "axis=z": [
		{ "model": "block/oak_log", "x": 90 },
		{ "model": "block/oak_log_2", "x": 90 },		
		{ "model": "block/oak_log_3", "x": 90 },
		{ "model": "block/oak_log_4", "x": 90}
		],
        "axis=x": [    
		{ "model": "block/oak_log", "x": 90, "y": 90 },
		{ "model": "block/oak_log_2", "x": 90, "y": 90 },
		{ "model": "block/oak_log_3", "x": 90, "y": 90 },
		{ "model": "block/oak_log_4", "x": 90, "y": 90 }
		]
    }
}
