{
    "variants": {
        "axis=y": [
		{ "model": "block/oak_bark" },
		{ "model": "block/oak_bark", "y": 90 },
		{ "model": "block/oak_bark", "y": 180 },
		{ "model": "block/oak_bark", "y": 270 },
		{ "model": "block/oak_bark_2" },
		{ "model": "block/oak_bark_2", "y": 90 },
		{ "model": "block/oak_bark_2", "y": 180 },
		{ "model": "block/oak_bark_2", "y": 270 },
		{ "model": "block/oak_bark_3" },
		{ "model": "block/oak_bark_3", "y": 90 },
		{ "model": "block/oak_bark_3", "y": 180 },
		{ "model": "block/oak_bark_3", "y": 270 },
		{ "model": "block/oak_bark_4" },
		{ "model": "block/oak_bark_4", "y": 90 },
		{ "model": "block/oak_bark_4", "y": 180 },
		{ "model": "block/oak_bark_4", "y": 270 },
		{ "model": "block/oak_bark_5" },
		{ "model": "block/oak_bark_5", "y": 90 },
		{ "model": "block/oak_bark_5", "y": 180 },
		{ "model": "block/oak_bark_5", "y": 270 },
		{ "model": "block/oak_bark_6" },
		{ "model": "block/oak_bark_6", "y": 90 },
		{ "model": "block/oak_bark_6", "y": 180 },
		{ "model": "block/oak_bark_6", "y": 270 },
		{ "model": "block/oak_bark_7" },
		{ "model": "block/oak_bark_7", "y": 90 },
		{ "model": "block/oak_bark_7", "y": 180 },
		{ "model": "block/oak_bark_7", "y": 270 },
		{ "model": "block/oak_bark_8" },
		{ "model": "block/oak_bark_8", "y": 90 },
		{ "model": "block/oak_bark_8", "y": 180 },
		{ "model": "block/oak_bark_8", "y": 270 },
		{ "model": "block/oak_bark_9" },
		{ "model": "block/oak_bark_9", "y": 90 },
		{ "model": "block/oak_bark_9", "y": 180 },
		{ "model": "block/oak_bark_9", "y": 270 }
		],
        "axis=z": [
		{ "model": "block/oak_bark", "x": 90 },
		{ "model": "block/oak_bark_2", "x": 90 },		
		{ "model": "block/oak_bark_3", "x": 90 },
		{ "model": "block/oak_bark_4", "x": 90}
		],
        "axis=x": [    
		{ "model": "block/oak_bark", "x": 90, "y": 90 },
		{ "model": "block/oak_bark_2", "x": 90, "y": 90 },
		{ "model": "block/oak_bark_3", "x": 90, "y": 90 },
		{ "model": "block/oak_bark_4", "x": 90, "y": 90 }
		]
    }
}
