{
  "variants": {
    "": [
    	{ "model": "block/oxeye_daisy" },
	  { "model": "block/oxeye_daisy", "y": 90 },
	  { "model": "block/oxeye_daisy", "y": 180 },
	  { "model": "block/oxeye_daisy", "y": 270 },

    { "model": "block/oxeye_daisy_2" },
	  { "model": "block/oxeye_daisy_2", "y": 90 },
	  { "model": "block/oxeye_daisy_2", "y": 180 },
	  { "model": "block/oxeye_daisy_2", "y": 270 },

    { "model": "block/oxeye_daisy_3" },
	  { "model": "block/oxeye_daisy_3", "y": 90 },
	  { "model": "block/oxeye_daisy_3", "y": 180 },
	  { "model": "block/oxeye_daisy_3", "y": 270 }
    ]
  }
}
