{
  "variants": {
    "": [
      { "model": "block/poppy" },
	  { "model": "block/poppy", "y": 90 },
	  { "model": "block/poppy", "y": 180 },
	  { "model": "block/poppy", "y": 270 },
	  { "model": "block/poppy_1" },
	  { "model": "block/poppy_1", "y": 90 },
	  { "model": "block/poppy_1", "y": 180 },
	  { "model": "block/poppy_1", "y": 270 },
	  { "model": "block/poppy_2" },
	  { "model": "block/poppy_2", "y": 90 },
	  { "model": "block/poppy_2", "y": 180 },
	  { "model": "block/poppy_2", "y": 270 }
    ]
  }
}
