{
  "variants": {
    "all": {
      "model": "block/smooth_red_sandstone"
    },
    "": [
      {
        "model": "block/double_slab_red_sandstone"
      },
      {
        "model": "block/double_slab_red_sandstone_1"
      },
      {
        "model": "block/double_slab_red_sandstone_2"
      },
      {
        "model": "block/double_slab_red_sandstone_3"
      },
      {
        "model": "block/double_slab_red_sandstone_4"
      },
      {
        "model": "block/double_slab_red_sandstone_5"
      },
      {
        "model": "block/double_slab_red_sandstone_6"
      },
      {
        "model": "block/double_slab_red_sandstone_7"
      },
      {
        "model": "block/double_slab_red_sandstone_8"
      },
      {
        "model": "block/double_slab_red_sandstone_9"
      },
      {
        "model": "block/double_slab_red_sandstone_10"
      },
      {
        "model": "block/double_slab_red_sandstone_11"
      },
      {
        "model": "block/double_slab_red_sandstone_12"
      }
    ]
  }
}
