{
    "variants": {
        "type=top": { "model": "itemblock/upper_slab_double_slab_sandstone_seamless" },
        "type=double": { "model": "block/smooth_sandstone" },
		"type=bottom": [
			{ "model": "block/smooth_sandstone_slab" },
			{ "model": "block/smooth_sandstone_slab", "y": 90 },
			{ "model": "block/smooth_sandstone_slab", "y": 180 },
			{ "model": "block/smooth_sandstone_slab", "y": 270},
			{ "model": "block/smooth_sandstone_slab_2" },
			{ "model": "block/smooth_sandstone_slab_2", "y": 90 },
			{ "model": "block/smooth_sandstone_slab_2", "y": 180 },
			{ "model": "block/smooth_sandstone_slab_2", "y": 270},
			{ "model": "block/smooth_sandstone_slab_3" },
			{ "model": "block/smooth_sandstone_slab_3", "y": 90 },
			{ "model": "block/smooth_sandstone_slab_3", "y": 180 },
			{ "model": "block/smooth_sandstone_slab_3", "y": 270},
			{ "model": "block/smooth_sandstone_slab_4" },
			{ "model": "block/smooth_sandstone_slab_4", "y": 90 },
			{ "model": "block/smooth_sandstone_slab_4", "y": 180 },
			{ "model": "block/smooth_sandstone_slab_4", "y": 270},
			{ "model": "block/smooth_sandstone_slab_5" },
			{ "model": "block/smooth_sandstone_slab_5", "y": 90 },
			{ "model": "block/smooth_sandstone_slab_5", "y": 180 },
			{ "model": "block/smooth_sandstone_slab_5", "y": 270}
		]
    }
}
