{
    "variants": {
        "facing=north,half=bottom,open=false,powered=false": { "model": "block/trapdoor_dark_gray_brick_bottom" },
        "facing=south,half=bottom,open=false,powered=false": { "model": "block/trapdoor_dark_gray_smooth_stone_bottom" },
        "facing=east,half=bottom,open=false,powered=false": { "model": "block/trapdoor_cracked_dark_gray_brick_bottom" },
        "facing=west,half=bottom,open=false,powered=false": { "model": "block/trapdoor_double_slab_stone_bottom" },
        "facing=north,half=top,open=false,powered=false": { "model": "block/trapdoor_dark_gray_brick_top" },
        "facing=south,half=top,open=false,powered=false": { "model": "block/trapdoor_double_slab_stone_seamless_top" },
        "facing=east,half=top,open=false,powered=false": { "model": "block/trapdoor_cracked_dark_gray_brick_top" },
        "facing=west,half=top,open=false,powered=false": { "model": "block/trapdoor_double_slab_stone_top" },
        "facing=north,half=bottom,open=true,powered=false": { "model": "block/trapdoor_dark_gray_brick_open" },
        "facing=south,half=bottom,open=true,powered=false": { "model": "block/trapdoor_dark_gray_brick_open", "y": 180 },
        "facing=east,half=bottom,open=true,powered=false": { "model": "block/trapdoor_dark_gray_brick_open", "y": 90 },
        "facing=west,half=bottom,open=true,powered=false": { "model": "block/trapdoor_dark_gray_brick_open", "y": 270 },
        "facing=north,half=top,open=true,powered=false": { "model": "block/trapdoor_cracked_dark_gray_brick_open" },
        "facing=south,half=top,open=true,powered=false": { "model": "block/trapdoor_cracked_dark_gray_brick_open", "y": 180 },
        "facing=east,half=top,open=true,powered=false": { "model": "block/trapdoor_cracked_dark_gray_brick_open", "y": 90 },
        "facing=west,half=top,open=true,powered=false": { "model": "block/trapdoor_cracked_dark_gray_brick_open", "y": 270 },

        "facing=north,half=bottom,open=false,powered=true": { "model": "block/trapdoor_floor_pattern_1_bottom" },
        "facing=south,half=bottom,open=false,powered=true": { "model": "block/trapdoor_floor_pattern_3_bottom" },
        "facing=east,half=bottom,open=false,powered=true": { "model": "block/trapdoor_floor_pattern_2_bottom"},
        "facing=west,half=bottom,open=false,powered=true": { "model": "block/trapdoor_floor_pattern_4_bottom" },
        "facing=north,half=top,open=false,powered=true": { "model": "block/trapdoor_floor_pattern_1_top" },
        "facing=south,half=top,open=false,powered=true": { "model": "block/trapdoor_floor_pattern_3_top"},
        "facing=east,half=top,open=false,powered=true": { "model": "block/trapdoor_floor_pattern_2_top" },
        "facing=west,half=top,open=false,powered=true": { "model": "block/trapdoor_floor_pattern_4_top" },
        "facing=north,half=bottom,open=true,powered=true": { "model": "block/trapdoor_double_slab_stone_seamless_open" },
        "facing=south,half=bottom,open=true,powered=true": { "model": "block/trapdoor_double_slab_stone_seamless_open", "y": 180 },
        "facing=east,half=bottom,open=true,powered=true": { "model": "block/trapdoor_double_slab_stone_seamless_open", "y": 90 },
        "facing=west,half=bottom,open=true,powered=true": { "model": "block/trapdoor_double_slab_stone_seamless_open", "y": 270 },
        "facing=north,half=top,open=true,powered=true": { "model": "block/trapdoor_double_slab_stone_open" },
        "facing=south,half=top,open=true,powered=true": { "model": "block/trapdoor_double_slab_stone_open", "y": 180 },
        "facing=east,half=top,open=true,powered=true": { "model": "block/trapdoor_double_slab_stone_open", "y": 90 },
        "facing=west,half=top,open=true,powered=true": { "model": "block/trapdoor_double_slab_stone_open", "y": 270 }
	}
}
