{
    "variants": {
        "axis=y": [
      { "model": "block/brown_mushroom_block_n", "weight": 1 },
      { "model": "block/brown_mushroom_block_n_1", "weight": 1 },
      { "model": "block/brown_mushroom_block_n_2", "weight": 1 },
      { "model": "block/brown_mushroom_block_n_3", "weight": 1 },
      { "model": "block/brown_mushroom_block_n_4", "weight": 1 },
      { "model": "block/brown_mushroom_block_n_5", "weight": 1 },
      { "model": "block/brown_mushroom_block_n_6", "weight": 1 },
      { "model": "block/brown_mushroom_block_n_7", "weight": 1 }
    ],
        "axis=z": [
      { "model": "block/brown_mushroom_block_ne", "weight": 1 },
	  { "model": "block/brown_mushroom_block_ne", "y": 90, "weight": 1 },
	  { "model": "block/brown_mushroom_block_ne", "y": 180, "weight": 1 },
	  { "model": "block/brown_mushroom_block_ne", "y": 270, "weight": 1 },
      { "model": "block/brown_mushroom_block_ne_1", "weight": 1 },
	  { "model": "block/brown_mushroom_block_ne_1", "y": 90, "weight": 1 },
	  { "model": "block/brown_mushroom_block_ne_1", "y": 180, "weight": 1 },
	  { "model": "block/brown_mushroom_block_ne_1", "y": 270, "weight": 1 },
      { "model": "block/brown_mushroom_block_ne_2", "weight": 1 },
	  { "model": "block/brown_mushroom_block_ne_2", "y": 90, "weight": 1 },
	  { "model": "block/brown_mushroom_block_ne_2", "y": 180, "weight": 1 },
	  { "model": "block/brown_mushroom_block_ne_2", "y": 270, "weight": 1 },
      { "model": "block/brown_mushroom_block_ne_3", "weight": 1 },
	  { "model": "block/brown_mushroom_block_ne_3", "y": 90, "weight": 1 },
	  { "model": "block/brown_mushroom_block_ne_3", "y": 180, "weight": 1 },
	  { "model": "block/brown_mushroom_block_ne_3", "y": 270, "weight": 1 },
      { "model": "block/brown_mushroom_block_ne_4", "weight": 1 },
	  { "model": "block/brown_mushroom_block_ne_4", "y": 90, "weight": 1 },
	  { "model": "block/brown_mushroom_block_ne_4", "y": 180, "weight": 1 },
	  { "model": "block/brown_mushroom_block_ne_4", "y": 270, "weight": 1 },
	  { "model": "block/brown_mushroom_block_ne_5", "weight": 1 },
	  { "model": "block/brown_mushroom_block_ne_5", "y": 90, "weight": 1 },
	  { "model": "block/brown_mushroom_block_ne_5", "y": 180, "weight": 1 },
	  { "model": "block/brown_mushroom_block_ne_5", "y": 270, "weight": 1 }
    ],
        "axis=x": [
      {
        "model": "block/brown_mushroom_block_nw",
        "weight": 1
      },
      {
        "model": "block/brown_mushroom_block_nw_1",
        "weight": 1
      },
      {
        "model": "block/brown_mushroom_block_nw_2",
        "weight": 1
      },
      {
        "model": "block/brown_mushroom_block_nw_3",
        "weight": 1
      },
      {
        "model": "block/brown_mushroom_block_nw_4",
        "weight": 1
      },
      {
        "model": "block/brown_mushroom_block_nw_5",
        "weight": 1
      },
      {
        "model": "block/brown_mushroom_block_nw_6",
        "weight": 1
      },
      {
        "model": "block/brown_mushroom_block_nw_7",
        "weight": 1
      },
      {
        "model": "block/brown_mushroom_block_nw_8",
        "weight": 1
      }
    ]
    }
}
