{
  "variants": {
      "axis=y": [
  { "model": "block/stripped_spruce_wood" },
  { "model": "block/stripped_spruce_wood_2" },
  { "model": "block/stripped_spruce_wood_3" },
  { "model": "block/stripped_spruce_wood_4" },
  { "model": "block/stripped_spruce_wood_5" }
  ],
      "axis=z": [
        { "model": "block/stripped_spruce_wood" },
        { "model": "block/stripped_spruce_wood_2" },
        { "model": "block/stripped_spruce_wood_3" },
        { "model": "block/stripped_spruce_wood_4" },
        { "model": "block/stripped_spruce_wood_5" }
  ],
      "axis=x": [    
        { "model": "block/stripped_spruce_wood" },
        { "model": "block/stripped_spruce_wood_2" },
        { "model": "block/stripped_spruce_wood_3" },
        { "model": "block/stripped_spruce_wood_4" },
        { "model": "block/stripped_spruce_wood_5" }
  ]
  }
}