{
  "variants": {
      "axis=y": [
  { "model": "block/stripped_birch_wood" },
  { "model": "block/stripped_birch_wood_2" },
  { "model": "block/stripped_birch_wood_3" },
  { "model": "block/stripped_birch_wood_4" },
  { "model": "block/stripped_birch_wood_5" },
  { "model": "block/stripped_birch_wood_6" },
  { "model": "block/stripped_birch_wood_7" },
  { "model": "block/stripped_birch_wood_8" }
  ],
      "axis=z": [
        { "model": "block/stripped_birch_wood" },
        { "model": "block/stripped_birch_wood_2" },
        { "model": "block/stripped_birch_wood_3" },
        { "model": "block/stripped_birch_wood_4" },
        { "model": "block/stripped_birch_wood_5" },
        { "model": "block/stripped_birch_wood_6" },
        { "model": "block/stripped_birch_wood_7" },
        { "model": "block/stripped_birch_wood_8" }
  ],
      "axis=x": [    
        { "model": "block/stripped_birch_wood" },
        { "model": "block/stripped_birch_wood_2" },
        { "model": "block/stripped_birch_wood_3" },
        { "model": "block/stripped_birch_wood_4" },
        { "model": "block/stripped_birch_wood_5" },
        { "model": "block/stripped_birch_wood_6" },
        { "model": "block/stripped_birch_wood_7" },
        { "model": "block/stripped_birch_wood_8" }
  ]
  }
}