{
    "variants": {
        "": [
            { "model": "block/tall_grass" },
            { "model": "block/tall_grass", "y": 90 },
            { "model": "block/tall_grass", "y": 180 },
            { "model": "block/tall_grass", "y": 270 },
			{ "model": "block/tall_grass_1" },
            { "model": "block/tall_grass_1", "y": 90 },
            { "model": "block/tall_grass_1", "y": 180 },
            { "model": "block/tall_grass_1", "y": 270 },
			{ "model": "block/tall_grass_2" },
            { "model": "block/tall_grass_2", "y": 90 },
            { "model": "block/tall_grass_2", "y": 180 },
            { "model": "block/tall_grass_2", "y": 270 },
			{ "model": "block/tall_grass_3" },
            { "model": "block/tall_grass_3", "y": 90 },
            { "model": "block/tall_grass_3", "y": 180 },
            { "model": "block/tall_grass_3", "y": 270 },
			{ "model": "block/tall_grass_4" },
            { "model": "block/tall_grass_4", "y": 90 },
            { "model": "block/tall_grass_4", "y": 180 },
            { "model": "block/tall_grass_4", "y": 270 },
			{ "model": "block/tall_grass_5" },
            { "model": "block/tall_grass_5", "y": 90 },
            { "model": "block/tall_grass_5", "y": 180 },
            { "model": "block/tall_grass_5", "y": 270 }
        ]
    }
}