{
  "variants": {
    "age=0": { "model": "minecraft:block/scaffolding_spinning_wheel" },
	"age=1": { "model": "minecraft:block/scaffolding_spinning_wheel", "y":90 },
	"age=2": { "model": "minecraft:block/scaffolding_spinning_wheel", "y":180 },
	"age=3": { "model": "minecraft:block/scaffolding_spinning_wheel", "y":270 },
	"age=4": { "model": "minecraft:block/twisting_vines_stair" },
	"age=5": { "model": "minecraft:block/twisting_vines_stair", "y":90 },
	"age=6": { "model": "minecraft:block/twisting_vines_stair", "y":180 },
	"age=7": { "model": "minecraft:block/twisting_vines_stair", "y":270 },
	"age=8": { "model": "minecraft:block/twisting_vines_stair_2" },
	"age=9": { "model": "minecraft:block/twisting_vines_stair_2", "y":90 },
	"age=10": { "model": "minecraft:block/twisting_vines_stair_2", "y":180 },
	"age=11": { "model": "minecraft:block/twisting_vines_stair_2", "y":270 },
	"age=12": { "model": "minecraft:block/twisting_vines_stair_3" },
	"age=13": { "model": "minecraft:block/twisting_vines_stair_3", "y":90 },
	"age=14": { "model": "minecraft:block/twisting_vines_stair_3", "y":180 },
	"age=15": { "model": "minecraft:block/twisting_vines_stair_3", "y":270 },
	"age=16": [
			{ "model": "minecraft:block/twisting_vines_grapes" },
			{ "model": "minecraft:block/twisting_vines_grapes", "y":90 },
			{ "model": "minecraft:block/twisting_vines_grapes", "y":180 },
			{ "model": "minecraft:block/twisting_vines_grapes", "y":270 },
			{ "model": "minecraft:block/twisting_vines_grapes_2" },
			{ "model": "minecraft:block/twisting_vines_grapes_2", "y":90 },
			{ "model": "minecraft:block/twisting_vines_grapes_2", "y":180 },
			{ "model": "minecraft:block/twisting_vines_grapes_2", "y":270 },
			{ "model": "minecraft:block/twisting_vines_grapes_3" },
			{ "model": "minecraft:block/twisting_vines_grapes_3", "y":90 },
			{ "model": "minecraft:block/twisting_vines_grapes_3", "y":180 },
			{ "model": "minecraft:block/twisting_vines_grapes_3", "y":270 },
			{ "model": "minecraft:block/twisting_vines_grapes_4" },
			{ "model": "minecraft:block/twisting_vines_grapes_4", "y":90 },
			{ "model": "minecraft:block/twisting_vines_grapes_4", "y":180 },
			{ "model": "minecraft:block/twisting_vines_grapes_4", "y":270 }
			]
  }
}