{
  "variants": {
   "age=0": { "model": "minecraft:block/twisting_vines_diagonal_beam" },
   "age=1": { "model": "minecraft:block/twisting_vines_diagonal_beam", "y": 90 },
   "age=2": { "model": "minecraft:block/twisting_vines_diagonal_beam", "y": 180 },
   "age=3": { "model": "minecraft:block/twisting_vines_diagonal_beam", "y": 270 },
   "age=4": { "model": "minecraft:block/twisting_vines_diagonal_beam_1" },
   "age=5": { "model": "minecraft:block/twisting_vines_diagonal_beam_1", "y": 90 },
   "age=6": { "model": "minecraft:block/twisting_vines_diagonal_beam_1", "y": 180 },
   "age=7": { "model": "minecraft:block/twisting_vines_diagonal_beam_1", "y": 270 },
   "age=8": { "model": "minecraft:block/twisting_vines_diagonal_beam_2" },
   "age=9": { "model": "minecraft:block/twisting_vines_diagonal_beam_2", "y": 90 },
   "age=10": { "model": "minecraft:block/twisting_vines_diagonal_beam_2", "y": 180 },
   "age=11": { "model": "minecraft:block/twisting_vines_diagonal_beam_2", "y": 270 },
   "age=12": { "model": "minecraft:block/twisting_vines_diagonal_beam_3" },
   "age=13": { "model": "minecraft:block/twisting_vines_diagonal_beam_3", "y": 90 },
   "age=14": { "model": "minecraft:block/twisting_vines_diagonal_beam_3", "y": 180 },
   "age=15": { "model": "minecraft:block/twisting_vines_diagonal_beam_3", "y": 270 },
   "age=16": { "model": "minecraft:block/twisting_vines_diagonal_beam_4" },
   "age=17": { "model": "minecraft:block/twisting_vines_diagonal_beam_4", "y": 90 },
   "age=18": { "model": "minecraft:block/twisting_vines_diagonal_beam_4", "y": 180 },
   "age=19": { "model": "minecraft:block/twisting_vines_diagonal_beam_4", "y": 270 },
   "age=20": { "model": "minecraft:block/twisting_vines_diagonal_beam_5" },
   "age=21": { "model": "minecraft:block/twisting_vines_diagonal_beam_5", "y": 90 },
   "age=22": { "model": "minecraft:block/twisting_vines_diagonal_beam_5", "y": 180 },
   "age=23": { "model": "minecraft:block/twisting_vines_diagonal_beam_5", "y": 270 }
  }
}