{
  "variants": {
    "": [
    	{ "model": "block/white_tulip" },
	  { "model": "block/white_tulip", "y": 90 },
	  { "model": "block/white_tulip", "y": 180 },
	  { "model": "block/white_tulip", "y": 270 },

    { "model": "block/white_tulip_2" },
	  { "model": "block/white_tulip_2", "y": 90 },
	  { "model": "block/white_tulip_2", "y": 180 },
	  { "model": "block/white_tulip_2", "y": 270 },

	  { "model": "block/white_tulip_3" },
	  { "model": "block/white_tulip_3", "y": 90 },
	  { "model": "block/white_tulip_3", "y": 180 },
	  { "model": "block/white_tulip_3", "y": 270 }
    ]
  }
}
