{
	"multipart": [

	{ "when":{
		"waterlogged": "false", "facing": "north", "tilt": "none"},
		"apply": [
	{ "model": "mcme:block/myrtle_bush" },
	{ "model": "mcme:block/myrtle_bush", "y": 90 },
	{ "model": "mcme:block/myrtle_bush", "y": 180 },
	{ "model": "mcme:block/myrtle_bush", "y": 270 },
	{ "model": "mcme:block/myrtle_bush_2" },
	{ "model": "mcme:block/myrtle_bush_2", "y": 90 },
	{ "model": "mcme:block/myrtle_bush_2", "y": 180 },
	{ "model": "mcme:block/myrtle_bush_2", "y": 270 }
	] }
]
}
