{
  "variants": {
      "axis=y": [
  { "model": "block/birch_log" },
  { "model": "block/birch_log_2" },
  { "model": "block/birch_log_3" },
  { "model": "block/birch_log_4" },
  { "model": "block/birch_log_5" },
  { "model": "block/birch_log_6" }
  ],
      "axis=z": [
        { "model": "block/birch_log" },
        { "model": "block/birch_log_2" },
        { "model": "block/birch_log_3" },
        { "model": "block/birch_log_4" },
        { "model": "block/birch_log_5" },
        { "model": "block/birch_log_6" }
  ],
      "axis=x": [    
        { "model": "block/birch_log" },
        { "model": "block/birch_log_2" },
        { "model": "block/birch_log_3" },
        { "model": "block/birch_log_4" },
        { "model": "block/birch_log_5" },
        { "model": "block/birch_log_6" }
  ]
  }
}