{
  "multipart": [
    {
      "when": {
        "north": true
      },
      "apply": {
        "model": "block/glass_pane_half_right_brown"
      }
    },
    {
      "when": {
        "east": true
      },
      "apply": {
        "model": "block/glass_pane_half_right_brown",
        "y": 90
      }
    },
    {
      "when": {
        "south": true
      },
      "apply": {
        "model": "block/glass_pane_half_left_brown"
      }
    },
    {
      "when": {
        "west": true
      },
      "apply": {
        "model": "block/glass_pane_half_left_brown",
        "y": 90
      }
    },
    {
      "when": {
        "north": false,
        "east": false,
        "south": false,
        "west": false
      },
      "apply": {
        "model": "mcme:block/birch_thin_trunk_vertical"
      }
    }
  ]
}
