{
    "variants": {
        "face=floor,facing=east,powered=false":  { "model": "block/dark_oak_button", "y": 90 },
        "face=floor,facing=west,powered=false":  { "model": "block/dark_oak_button", "y": 270 },
        "face=floor,facing=south,powered=false": { "model": "block/dark_oak_button", "y": 180 },
        "face=floor,facing=north,powered=false": { "model": "block/cocoa_stage0", "x": 270  },
        "face=wall,facing=east,powered=false":  { "model": "block/cocoa_stage0", "y": 90 },
        "face=wall,facing=west,powered=false":  { "model": "block/cocoa_stage0", "y": 270 },
        "face=wall,facing=south,powered=false": { "model": "block/cocoa_stage0", "y": 180 },
        "face=wall,facing=north,powered=false": { "model": "block/cocoa_stage0" },
        "face=ceiling,facing=east,powered=false":  { "model": "block/dark_oak_button_1x3arch_top", "y": 90},
        "face=ceiling,facing=west,powered=false":  { "model": "block/dark_oak_button", "x": 180, "y": 90 },
        "face=ceiling,facing=south,powered=false": { "model": "block/dark_oak_button_1x3arch_top_1", "y": 90 },
        "face=ceiling,facing=north,powered=false": {  "model": "block/cocoa_stage0", "x": 90 },
        "face=floor,facing=east,powered=true":  { "model": "block/dark_oak_button_pressed", "y": 90 },
        "face=floor,facing=west,powered=true":  { "model": "block/dark_oak_button_pressed", "y": 270 },
        "face=floor,facing=south,powered=true": { "model": "block/dark_oak_button_pressed", "y": 180 },
        "face=floor,facing=north,powered=true": { "model": "block/dark_oak_button_pressed" },
        "face=wall,facing=east,powered=true":  { "model": "block/dark_oak_button_pressed", "uvlock": true, "x": 90, "y": 90 },
        "face=wall,facing=west,powered=true":  { "model": "block/dark_oak_button_pressed", "uvlock": true, "x": 90, "y": 270 },
        "face=wall,facing=south,powered=true": { "model": "block/dark_oak_button_pressed", "uvlock": true, "x": 90, "y": 180 },
        "face=wall,facing=north,powered=true": { "model": "block/dark_oak_button_pressed", "uvlock": true, "x": 90 },
        "face=ceiling,facing=east,powered=true":  { "model": "block/dark_oak_button_pressed", "x": 180, "y": 270 },
        "face=ceiling,facing=west,powered=true":  { "model": "block/dark_oak_button_pressed", "x": 180, "y": 90 },
        "face=ceiling,facing=south,powered=true": { "model": "block/dark_oak_button_pressed", "x": 180 },
        "face=ceiling,facing=north,powered=true": { "model": "block/dark_oak_button_pressed", "x": 180, "y": 180 },
		"face=wall,facing=north,powered=true": [
				{ "model": "mcme:block/pine_branch_broken" },
				{ "model": "mcme:block/pine_branch_broken_2" },
				{ "model": "mcme:block/pine_branch_broken_3" },
				{ "model": "mcme:block/pine_branch_broken_4" }
				],
		"face=wall,facing=east,powered=true": [
				{"model": "mcme:block/pine_branch_broken", "y": 90},
				{"model": "mcme:block/pine_branch_broken_2", "y": 90},
				{"model": "mcme:block/pine_branch_broken_3", "y": 90},
				{"model": "mcme:block/pine_branch_broken_4", "y": 90}
				],
		"face=wall,facing=south,powered=true": [
				{"model": "mcme:block/pine_branch_broken", "y": 180},
				{"model": "mcme:block/pine_branch_broken_2", "y": 180},
				{"model": "mcme:block/pine_branch_broken_3", "y": 180},
				{"model": "mcme:block/pine_branch_broken_4", "y": 180}
				],
		"face=wall,facing=west,powered=true": [
				{"model": "mcme:block/pine_branch_broken", "y": 270},
				{"model": "mcme:block/pine_branch_broken_2", "y": 270},
				{"model": "mcme:block/pine_branch_broken_3", "y": 270},
				{"model": "mcme:block/pine_branch_broken_4", "y": 270}
				]
    }
}
