{
  "variants": {
      "axis=y": [
  { "model": "block/dark_oak_log" },
  { "model": "block/dark_oak_log_2" },
  { "model": "block/dark_oak_log_3" },
  { "model": "block/dark_oak_log_4" },
  { "model": "block/dark_oak_log_5" },
  { "model": "block/dark_oak_log_6" },
  { "model": "block/dark_oak_log_7" },
  { "model": "block/dark_oak_log_8" },
  { "model": "block/dark_oak_log_9" }
  ],
      "axis=z": [
        { "model": "block/dark_oak_log" },
        { "model": "block/dark_oak_log_2" },
        { "model": "block/dark_oak_log_3" },
        { "model": "block/dark_oak_log_4" },
        { "model": "block/dark_oak_log_5" },
        { "model": "block/dark_oak_log_6" },
        { "model": "block/dark_oak_log_7" },
        { "model": "block/dark_oak_log_8" },
        { "model": "block/dark_oak_log_9" }
  ],
      "axis=x": [    
        { "model": "block/dark_oak_log" },
        { "model": "block/dark_oak_log_2" },
        { "model": "block/dark_oak_log_3" },
        { "model": "block/dark_oak_log_4" },
        { "model": "block/dark_oak_log_5" },
        { "model": "block/dark_oak_log_6" },
        { "model": "block/dark_oak_log_7" },
        { "model": "block/dark_oak_log_8" },
        { "model": "block/dark_oak_log_9" }
  ]
  }
}