{
  "variants": {
      "axis=y": [
  { "model": "block/oak_wood" },
  { "model": "block/oak_wood_2" },
  { "model": "block/oak_wood_3" },
  { "model": "block/oak_wood_4" },
  { "model": "block/oak_wood_5" },
  { "model": "block/oak_wood_6" },
  { "model": "block/oak_wood_7" },
  { "model": "block/oak_wood_8" },
  { "model": "block/oak_wood_9" }
  ],
      "axis=z": [
        { "model": "block/oak_wood" },
        { "model": "block/oak_wood_2" },
        { "model": "block/oak_wood_3" },
        { "model": "block/oak_wood_4" },
        { "model": "block/oak_wood_5" },
        { "model": "block/oak_wood_6" },
        { "model": "block/oak_wood_7" },
        { "model": "block/oak_wood_8" },
        { "model": "block/oak_wood_9" }
  ],
      "axis=x": [    
        { "model": "block/oak_wood" },
        { "model": "block/oak_wood_2" },
        { "model": "block/oak_wood_3" },
        { "model": "block/oak_wood_4" },
        { "model": "block/oak_wood_5" },
        { "model": "block/oak_wood_6" },
        { "model": "block/oak_wood_7" },
        { "model": "block/oak_wood_8" },
        { "model": "block/oak_wood_9" }
  ]
  }
}