{
  "variants": {
    "extended=false,facing=down": {"model": "block/piston", "x": 90 },
    "extended=false,facing=up": { "model": "block/piston", "x": 270 },
    "extended=false,facing=north": { "model": "block/piston" },
    "extended=false,facing=south": { "model": "block/piston", "y": 180 },
    "extended=false,facing=west": { "model": "block/piston", "y": 270 },
    "extended=false,facing=east": { "model": "block/piston", "y": 90 },
    "extended=true,facing=down": { "model": "block/piston_normal_extended", "x": 90 },
    "extended=true,facing=up":  { "model": "block/piston_normal_extended_up" },
    "extended=true,facing=north": { "model": "block/piston_base_vert", "y": 180 },
    "extended=true,facing=south": { "model": "block/piston_base_vert" },
    "extended=true,facing=west": { "model": "block/piston_base_vert", "y": 90 },
    "extended=true,facing=east": { "model": "block/piston_base_vert", "y": 270 }
  }
}
