{
  "variants": {
    "powered\u003dfalse,shape\u003dnorth_south": {
      "model": "block/activator_rail"
    },
    "powered\u003dfalse,shape\u003deast_west": {
      "model": "block/activator_rail",
      "y": 90
    },
    "powered\u003dfalse,shape\u003dascending_east": {
      "model": "block/activator_rail_diagonal"
    },
    "powered\u003dfalse,shape\u003dascending_west": {
      "model": "block/activator_rail_diagonal",
      "y": 90
    },
    "powered\u003dfalse,shape\u003dascending_north": [
	{ "model": "minecraft:block/beech_leaves_slab"},
	{ "model": "minecraft:block/beech_leaves_slab_2"},
	{ "model": "minecraft:block/beech_leaves_slab_3"},
	{ "model": "minecraft:block/beech_leaves_slab_4"},
	{ "model": "minecraft:block/beech_leaves_slab_5"},
	{ "model": "minecraft:block/beech_leaves_slab_6"}
	],
    "powered\u003dfalse,shape\u003dascending_south": [
	{ "model": "minecraft:block/dark_oak_leaves_slab"},
	{ "model": "minecraft:block/dark_oak_leaves_slab_2"},
	{ "model": "minecraft:block/dark_oak_leaves_slab_3"},
	{ "model": "minecraft:block/dark_oak_leaves_slab_4"},
	{ "model": "minecraft:block/dark_oak_leaves_slab_5"},
	{ "model": "minecraft:block/dark_oak_leaves_slab_6"}
	],
    "powered\u003dtrue,shape\u003dnorth_south": {
      "model": "block/activator_rail",
      "y": 180
    },
    "powered\u003dtrue,shape\u003deast_west": {
      "model": "block/activator_rail",
      "y": 270
    },
    "powered\u003dtrue,shape\u003dascending_east": {
      "model": "block/activator_rail_diagonal",
      "y": 180
    },
    "powered\u003dtrue,shape\u003dascending_west": {
      "model": "block/activator_rail_diagonal",
      "y": 270
    },
    "powered\u003dtrue,shape\u003dascending_north": {
      "model": "block/maple_thin_trunk_horizontal"
    },
    "powered\u003dtrue,shape\u003dascending_south": {
      "model": "block/maple_thin_trunk_horizontal_2"
    }
  }
}
