{
  "multipart": [
    {
      "when": {
        "north": true
      },
      "apply": {
        "model": "block/glass_pane_half_right_blue"
      }
    },
    {
      "when": {
        "east": true
      },
      "apply": {
        "model": "block/glass_pane_half_right_blue",
        "y": 90
      }
    },
    {
      "when": {
        "south": true
      },
      "apply": {
        "model": "block/glass_pane_half_left_blue"
      }
    },
    {
      "when": {
        "west": true
      },
      "apply": {
        "model": "block/glass_pane_half_left_blue",
        "y": 90
      }
    },
    {
      "when": {
        "north": false,
        "east": false,
        "south": false,
        "west": false
      },
      "apply": {
        "model": "block/unused_cross_0"
      }
    }
  ]
}
