{
  "variants": {
    "berries=false,age=0": [
	{  "model": "minecraft:block/beech_leaves_slab_upper"},
	{  "model": "minecraft:block/beech_leaves_slab_upper_2"},
	{  "model": "minecraft:block/beech_leaves_slab_upper_3"},
	{  "model": "minecraft:block/beech_leaves_slab_upper_4"},
	{  "model": "minecraft:block/beech_leaves_slab_upper_5"},
	{  "model": "minecraft:block/beech_leaves_slab_upper_6"}
	],
	"berries=false,age=1": [
	{  "model": "minecraft:block/dark_oak_leaves_slab_upper"},
	{  "model": "minecraft:block/dark_oak_leaves_slab_upper_2"},
	{  "model": "minecraft:block/dark_oak_leaves_slab_upper_3"},
	{  "model": "minecraft:block/dark_oak_leaves_slab_upper_4"},
	{  "model": "minecraft:block/dark_oak_leaves_slab_upper_5"},
	{  "model": "minecraft:block/dark_oak_leaves_slab_upper_6"}
	],
    "berries=true": {
      "model": "minecraft:block/cave_vines_lit"
    }
  }
}