{
  "variants": 
	{
    "facing=east,half=lower,hinge=left,open=false,powered=false": {
      "model": "minecraft:block/crimson_door_oak"
    },
    "facing=east,half=lower,hinge=left,open=true,powered=false": {
      "model": "minecraft:block/crimson_door_beech",
      "y": 90
    },
    "facing=east,half=lower,hinge=right,open=false,powered=false": {
      "model": "minecraft:block/crimson_door_maple"
    },
    "facing=east,half=lower,hinge=right,open=true,powered=false": {
      "model": "minecraft:block/replace",
      "y": 270
    },
    "facing=east,half=upper,hinge=left,open=false,powered=false": {
      "model": "minecraft:block/replace"
    },
    "facing=east,half=upper,hinge=left,open=true,powered=false": {
      "model": "minecraft:block/replace",
      "y": 90
    },
    "facing=east,half=upper,hinge=right,open=false,powered=false": {
      "model": "minecraft:block/replace"
    },
    "facing=east,half=upper,hinge=right,open=true,powered=false": {
      "model": "minecraft:block/replace",
      "y": 270
    },
    "facing=north,half=lower,hinge=left,open=false,powered=false": {
      "model": "minecraft:block/crimson_door_oak",
      "y": 270
    },
    "facing=north,half=lower,hinge=left,open=true,powered=false": {
      "model": "minecraft:block/crimson_door_beech"
    },
    "facing=north,half=lower,hinge=right,open=false,powered=false": {
      "model": "minecraft:block/crimson_door_maple",
      "y": 270
    },
    "facing=north,half=lower,hinge=right,open=true,powered=false": {
      "model": "minecraft:block/replace",
      "y": 180
    },
    "facing=north,half=upper,hinge=left,open=false,powered=false": {
      "model": "minecraft:block/replace",
      "y": 270
    },
    "facing=north,half=upper,hinge=left,open=true,powered=false": {
      "model": "minecraft:block/replace"
    },
    "facing=north,half=upper,hinge=right,open=false,powered=false": {
      "model": "minecraft:block/replace",
      "y": 270
    },
    "facing=north,half=upper,hinge=right,open=true,powered=false": {
      "model": "minecraft:block/replace",
      "y": 180
    },
    "facing=south,half=lower,hinge=left,open=false,powered=false": {
      "model": "minecraft:block/crimson_door_oak",
      "y": 90
    },
    "facing=south,half=lower,hinge=left,open=true,powered=false": {
      "model": "minecraft:block/crimson_door_beech",
      "y": 180
    },
    "facing=south,half=lower,hinge=right,open=false,powered=false": {
      "model": "minecraft:block/crimson_door_maple",
      "y": 90
    },
    "facing=south,half=lower,hinge=right,open=true,powered=false": {
      "model": "minecraft:block/replace"
    },
    "facing=south,half=upper,hinge=left,open=false,powered=false": {
      "model": "minecraft:block/replace",
      "y": 90
    },
    "facing=south,half=upper,hinge=left,open=true,powered=false": {
      "model": "minecraft:block/replace",
      "y": 180
    },
    "facing=south,half=upper,hinge=right,open=false,powered=false": {
      "model": "minecraft:block/replace",
      "y": 90
    },
    "facing=south,half=upper,hinge=right,open=true,powered=false": {
      "model": "minecraft:block/replace"
    },
    "facing=west,half=lower,hinge=left,open=false,powered=false": {
      "model": "minecraft:block/crimson_door_oak",
      "y": 180
    },
    "facing=west,half=lower,hinge=left,open=true,powered=false": {
      "model": "minecraft:block/crimson_door_beech",
      "y": 270
    },
    "facing=west,half=lower,hinge=right,open=false,powered=false": {
      "model": "minecraft:block/crimson_door_maple",
      "y": 180
    },
    "facing=west,half=lower,hinge=right,open=true,powered=false": {
      "model": "minecraft:block/replace",
      "y": 90
    },
    "facing=west,half=upper,hinge=left,open=false,powered=false": {
      "model": "minecraft:block/replace",
      "y": 180
    },
    "facing=west,half=upper,hinge=left,open=true,powered=false": {
      "model": "minecraft:block/replace",
      "y": 270
    },
    "facing=west,half=upper,hinge=right,open=false,powered=false": {
      "model": "minecraft:block/replace",
      "y": 180
    },
    "facing=west,half=upper,hinge=right,open=true,powered=false": {
      "model": "minecraft:block/replace",
      "y": 90
    },
	"facing=east,half=lower,hinge=left,open=false,powered=true": {
      "model": "minecraft:block/replace"
    },
    "facing=east,half=lower,hinge=left,open=true,powered=true": {
      "model": "minecraft:block/replace",
      "y": 90
    },
    "facing=east,half=lower,hinge=right,open=false,powered=true": {
      "model": "minecraft:block/replace"
    },
    "facing=east,half=lower,hinge=right,open=true,powered=true": {
      "model": "minecraft:block/replace",
      "y": 270
    },
    "facing=east,half=upper,hinge=left,open=false,powered=true": {
      "model": "minecraft:block/replace"
    },
    "facing=east,half=upper,hinge=left,open=true,powered=true": {
      "model": "minecraft:block/replace",
      "y": 90
    },
    "facing=east,half=upper,hinge=right,open=false,powered=true": {
      "model": "minecraft:block/replace"
    },
    "facing=east,half=upper,hinge=right,open=true,powered=true": {
      "model": "minecraft:block/replace",
      "y": 270
    },
    "facing=north,half=lower,hinge=left,open=false,powered=true": {
      "model": "minecraft:block/replace",
      "y": 270
    },
    "facing=north,half=lower,hinge=left,open=true,powered=true": {
      "model": "minecraft:block/replace"
    },
    "facing=north,half=lower,hinge=right,open=false,powered=true": {
      "model": "minecraft:block/replace",
      "y": 270
    },
    "facing=north,half=lower,hinge=right,open=true,powered=true": {
      "model": "minecraft:block/replace",
      "y": 180
    },
    "facing=north,half=upper,hinge=left,open=false,powered=true": {
      "model": "minecraft:block/replace",
      "y": 270
    },
    "facing=north,half=upper,hinge=left,open=true,powered=true": {
      "model": "minecraft:block/replace"
    },
    "facing=north,half=upper,hinge=right,open=false,powered=true": {
      "model": "minecraft:block/replace",
      "y": 270
    },
    "facing=north,half=upper,hinge=right,open=true,powered=true": {
      "model": "minecraft:block/replace",
      "y": 180
    },
    "facing=south,half=lower,hinge=left,open=false,powered=true": {
      "model": "minecraft:block/replace",
      "y": 90
    },
    "facing=south,half=lower,hinge=left,open=true,powered=true": {
      "model": "minecraft:block/replace",
      "y": 180
    },
    "facing=south,half=lower,hinge=right,open=false,powered=true": {
      "model": "minecraft:block/replace",
      "y": 90
    },
    "facing=south,half=lower,hinge=right,open=true,powered=true": {
      "model": "minecraft:block/replace"
    },
    "facing=south,half=upper,hinge=left,open=false,powered=true": {
      "model": "minecraft:block/replace",
      "y": 90
    },
    "facing=south,half=upper,hinge=left,open=true,powered=true": {
      "model": "minecraft:block/replace",
      "y": 180
    },
    "facing=south,half=upper,hinge=right,open=false,powered=true": {
      "model": "minecraft:block/replace",
      "y": 90
    },
    "facing=south,half=upper,hinge=right,open=true,powered=true": {
      "model": "minecraft:block/replace"
    },
    "facing=west,half=lower,hinge=left,open=false,powered=true": {
      "model": "minecraft:block/replace",
      "y": 180
    },
    "facing=west,half=lower,hinge=left,open=true,powered=true": {
      "model": "minecraft:block/replace",
      "y": 270
    },
    "facing=west,half=lower,hinge=right,open=false,powered=true": {
      "model": "minecraft:block/replace",
      "y": 180
    },
    "facing=west,half=lower,hinge=right,open=true,powered=true": {
      "model": "minecraft:block/replace",
      "y": 90
    },
    "facing=west,half=upper,hinge=left,open=false,powered=true": {
      "model": "minecraft:block/replace",
      "y": 180
    },
    "facing=west,half=upper,hinge=left,open=true,powered=true": {
      "model": "minecraft:block/replace",
      "y": 270
    },
    "facing=west,half=upper,hinge=right,open=false,powered=true": {
      "model": "minecraft:block/replace",
      "y": 180
    },
    "facing=west,half=upper,hinge=right,open=true,powered=true": {
      "model": "minecraft:block/replace",
      "y": 90
    }
  }
}