{
  "variants": {
    "": [
    	{ "model": "block/dandelion" },
	  { "model": "block/dandelion", "y": 90 },
	  { "model": "block/dandelion", "y": 180 },
	  { "model": "block/dandelion", "y": 270 },

    { "model": "block/dandelion_2" },
	  { "model": "block/dandelion_2", "y": 90 },
	  { "model": "block/dandelion_2", "y": 180 },
	  { "model": "block/dandelion_2", "y": 270 },

    
    { "model": "block/dandelion_3" },
	  { "model": "block/dandelion_3", "y": 90 },
	  { "model": "block/dandelion_3", "y": 180 },
	  { "model": "block/dandelion_3", "y": 270 }
    ]
  }
}
