{
    "variants": {
        "": [
		{ "model": "block/dead_tube_coral", "weight":5 },
		{ "model": "block/dead_tube_coral", "weight":5, "y": 90 },
		{ "model": "block/dead_tube_coral", "weight":5, "y": 180 },
		{ "model": "block/dead_tube_coral_1", "weight":5 },
		{ "model": "block/dead_tube_coral_1", "weight":5, "y": 90 },
		{ "model": "block/dead_tube_coral_1", "weight":5, "y": 180 },
		{ "model": "block/dead_tube_coral_2", "weight":5 },
		{ "model": "block/dead_tube_coral_2", "weight":5, "y": 90 },
		{ "model": "block/dead_tube_coral_2", "weight":5, "y": 180 },
		{ "model": "block/dead_tube_coral_3", "weight":5 },
		{ "model": "block/dead_tube_coral_3", "weight":5, "y": 90 },
		{ "model": "block/dead_tube_coral_3", "weight":5, "y": 180 },
		{ "model": "block/dead_tube_coral_4", "weight":5 },
		{ "model": "block/dead_tube_coral_4", "weight":5, "y": 90 },
		{ "model": "block/dead_tube_coral_4", "weight":5, "y": 180 },
		{ "model": "block/dead_tube_coral_5", "weight":5 },
		{ "model": "block/dead_tube_coral_5", "weight":5, "y": 90 },
		{ "model": "block/dead_tube_coral_5", "weight":5, "y": 180 }
		]
    }
}
