{
  "variants": {
    "": [
      {
        "model": "block/fern"
      },
      {
        "model": "block/fern_1"
      },
      {
        "model": "block/fern_2"
      },
      {
        "model": "block/fern_3"
      },
      {
        "model": "block/fern_4"
      },
      {
        "model": "block/fern_5"
      },
      {
        "model": "block/fern_6"
      },
      {
        "model": "block/fern_7"
      },
      {
        "model": "block/fern_8"
      },
      {
        "model": "block/fern_9"
      },
      {
        "model": "block/fern_10"
      },
      {
        "model": "block/fern_11"
      },
      {
        "model": "block/fern_12"
      }
    ]
  }
}
