{
  "variants": {
    "": [
      { "model": "block/grass", "weight": 4 },
	  { "model": "block/grass", "y": 90, "weight": 4 },
	  { "model": "block/grass", "y": 180, "weight": 4 },
	  { "model": "block/grass_1" },
	  { "model": "block/grass_1", "y": 90 },
	  { "model": "block/grass_1", "y": 180 },
	  { "model": "block/grass_2" },
	  { "model": "block/grass_2", "y": 90 },
	  { "model": "block/grass_2", "y": 180 },
	  { "model": "block/grass_3", "weight": 4 },
	  { "model": "block/grass_3", "y": 90, "weight": 4 },
	  { "model": "block/grass_3", "y": 180, "weight": 4 },
	  { "model": "block/grass_4", "weight": 4 },
	  { "model": "block/grass_4", "y": 90, "weight": 4 },
	  { "model": "block/grass_4", "y": 180, "weight": 4 },
	  { "model": "block/grass_5", "weight": 4 },
	  { "model": "block/grass_5", "y": 90, "weight": 4 },
	  { "model": "block/grass_5", "y": 180, "weight": 4 },
	  { "model": "block/grass_6" },
	  { "model": "block/grass_6", "y": 90 },
	  { "model": "block/grass_6", "y": 180 },
	  { "model": "block/grass_7" },
	  { "model": "block/grass_7", "y": 90 },
	  { "model": "block/grass_7", "y": 180 }
    ]
  }
}
