{
  "multipart": [
    {
      "when": {
        "facing": "east",
        "half": "lower",
        "hinge": "left",
        "open": "false",
        "powered": "false"
      },
      "apply": {
        "model": "block/jungle_door_bottom"
      }
    },
    {
      "when": {
        "facing": "south",
        "half": "lower",
        "hinge": "left",
        "open": "false",
        "powered": "false"
      },
      "apply": {
        "model": "block/jungle_door_bottom",
        "y": 90
      }
    },
    {
      "when": {
        "facing": "west",
        "half": "lower",
        "hinge": "left",
        "open": "false",
        "powered": "false"
      },
      "apply": {
        "model": "block/jungle_door_bottom",
        "y": 180
      }
    },
    {
      "when": {
        "facing": "north",
        "half": "lower",
        "hinge": "left",
        "open": "false",
        "powered": "false"
      },
      "apply": {
        "model": "block/jungle_door_bottom",
        "y": 270
      }
    },
    {
      "when": {
        "facing": "east",
        "half": "lower",
        "hinge": "right",
        "open": "false",
        "powered": "false"
      },
      "apply": [
	  { "model": "block/oak_leaves_vertical_slab_13"},
	  { "model": "block/oak_leaves_vertical_slab_14"},
	  { "model": "block/oak_leaves_vertical_slab_15"},
	  { "model": "block/oak_leaves_vertical_slab_16"}
		]
    },
    {
      "when": {
        "facing": "south",
        "half": "lower",
        "hinge": "right",
        "open": "false",
        "powered": "false"
      },
      "apply": [
	  { "model": "block/oak_leaves_vertical_slab"},
	  { "model": "block/oak_leaves_vertical_slab_2"},
	  { "model": "block/oak_leaves_vertical_slab_3"},
	  { "model": "block/oak_leaves_vertical_slab_4"}
		]
	},
    {
      "when": {
        "facing": "west",
        "half": "lower",
        "hinge": "right",
        "open": "false",
        "powered": "false"
      },
      "apply": [
	  { "model": "block/oak_leaves_vertical_slab_5"},
	  { "model": "block/oak_leaves_vertical_slab_6"},
	  { "model": "block/oak_leaves_vertical_slab_7"},
	  { "model": "block/oak_leaves_vertical_slab_8"}
		]
    },
    {
      "when": {
        "facing": "north",
        "half": "lower",
        "hinge": "right",
        "open": "false",
        "powered": "false"
      },
      "apply": [
	  { "model": "block/oak_leaves_vertical_slab_9"},
	  { "model": "block/oak_leaves_vertical_slab_10"},
	  { "model": "block/oak_leaves_vertical_slab_11"},
	  { "model": "block/oak_leaves_vertical_slab_12"}
		]
    },
    {
      "when": {
        "facing": "east",
        "half": "lower",
        "hinge": "left",
        "open": "true",
        "powered": "false"
      },
      "apply": {
        "model": "block/jungle_door_bottom_rh_open",
        "y": 90
      }
    },
    {
      "when": {
        "facing": "south",
        "half": "lower",
        "hinge": "left",
        "open": "true",
        "powered": "false"
      },
      "apply": {
        "model": "block/jungle_door_bottom_rh_open",
        "y": 180
      }
    },
    {
      "when": {
        "facing": "west",
        "half": "lower",
        "hinge": "left",
        "open": "true",
        "powered": "false"
      },
      "apply": {
        "model": "block/jungle_door_bottom_rh_open",
        "y": 270
      }
    },
    {
      "when": {
        "facing": "north",
        "half": "lower",
        "hinge": "left",
        "open": "true",
        "powered": "false"
      },
      "apply": {
        "model": "block/jungle_door_bottom_rh_open"
      }
    },
    {
      "when": {
        "facing": "east",
        "half": "lower",
        "hinge": "right",
        "open": "true",
        "powered": "false"
      },
      "apply": [
	  { "model": "block/beech_leaves_vertical_slab_9"},
	  { "model": "block/beech_leaves_vertical_slab_10"},
	  { "model": "block/beech_leaves_vertical_slab_11"},
	  { "model": "block/beech_leaves_vertical_slab_12"}
	  ]
    },
    {
      "when": {
        "facing": "south",
        "half": "lower",
        "hinge": "right",
        "open": "true",
        "powered": "false"
      },
      "apply": [
	  { "model": "block/beech_leaves_vertical_slab_13"},
	  { "model": "block/beech_leaves_vertical_slab_14"},
	  { "model": "block/beech_leaves_vertical_slab_15"},
	  { "model": "block/beech_leaves_vertical_slab_16"}
	  ]
    },
    {
      "when": {
        "facing": "west",
        "half": "lower",
        "hinge": "right",
        "open": "true",
        "powered": "false"
      },
      "apply": [
	  { "model": "block/beech_leaves_vertical_slab"},
	  { "model": "block/beech_leaves_vertical_slab_2"},
	  { "model": "block/beech_leaves_vertical_slab_3"},
	  { "model": "block/beech_leaves_vertical_slab_4"}
	  ]
    },
    {
      "when": {
        "facing": "north",
        "half": "lower",
        "hinge": "right",
        "open": "true",
        "powered": "false"
      },
      "apply": [
	  { "model": "block/beech_leaves_vertical_slab_5"},
	  { "model": "block/beech_leaves_vertical_slab_6"},
	  { "model": "block/beech_leaves_vertical_slab_7"},
	  { "model": "block/beech_leaves_vertical_slab_8"}
	  ]
    },
    {
      "when": {
        "facing": "east",
        "half": "upper",
        "hinge": "left",
        "open": "false",
        "powered": "false"
      },
      "apply": [
			{ "model": "block/dark_oak_leaves_vertical_slab_13"},
			{ "model": "block/dark_oak_leaves_vertical_slab_14"},
			{ "model": "block/dark_oak_leaves_vertical_slab_15"},
			{ "model": "block/dark_oak_leaves_vertical_slab_16"}
			]			
    },
    {
      "when": {
        "facing": "south",
        "half": "upper",
        "hinge": "left",
        "open": "false",
        "powered": "false"
      },
      "apply": [
			{ "model": "block/dark_oak_leaves_vertical_slab"},
			{ "model": "block/dark_oak_leaves_vertical_slab_2"},
			{ "model": "block/dark_oak_leaves_vertical_slab_3"},
			{ "model": "block/dark_oak_leaves_vertical_slab_4"}
			]			
    },
    {
      "when": {
        "facing": "west",
        "half": "upper",
        "hinge": "left",
        "open": "false",
        "powered": "false"
      },
      "apply": [
			{ "model": "block/dark_oak_leaves_vertical_slab_5"},
			{ "model": "block/dark_oak_leaves_vertical_slab_6"},
			{ "model": "block/dark_oak_leaves_vertical_slab_7"},
			{ "model": "block/dark_oak_leaves_vertical_slab_8"}
			]			
    },
    {
      "when": {
        "facing": "north",
        "half": "upper",
        "hinge": "left",
        "open": "false",
        "powered": "false"
      },
      "apply": [
			{ "model": "block/dark_oak_leaves_vertical_slab_9"},
			{ "model": "block/dark_oak_leaves_vertical_slab_10"},
			{ "model": "block/dark_oak_leaves_vertical_slab_11"},
			{ "model": "block/dark_oak_leaves_vertical_slab_12"}
			]	
    },
    {
      "when": {
        "facing": "east",
        "half": "upper",
        "hinge": "right",
        "open": "false",
        "powered": "false"
      },
      "apply": {
        "model": "block/jungle_door_top_hinge"
      }
    },
    {
      "when": {
        "facing": "south",
        "half": "upper",
        "hinge": "right",
        "open": "false",
        "powered": "false"
      },
      "apply": {
        "model": "block/jungle_door_top_hinge",
        "y": 90
      }
    },
    {
      "when": {
        "facing": "west",
        "half": "upper",
        "hinge": "right",
        "open": "false",
        "powered": "false"
      },
      "apply": {
        "model": "block/jungle_door_top_hinge",
        "y": 180
      }
    },
    {
      "when": {
        "facing": "north",
        "half": "upper",
        "hinge": "right",
        "open": "false",
        "powered": "false"
      },
      "apply": {
        "model": "block/jungle_door_top_hinge",
        "y": 270
      }
    },
    {
      "when": {
        "facing": "east",
        "half": "upper",
        "hinge": "left",
        "open": "true",
        "powered": "false"
      },
      "apply": {
        "model": "block/jungle_door_top_rh_open",
        "y": 90
      }
    },
    {
      "when": {
        "facing": "south",
        "half": "upper",
        "hinge": "left",
        "open": "true",
        "powered": "false"
      },
      "apply": {
        "model": "block/jungle_door_top_rh_open",
        "y": 180
      }
    },
    {
      "when": {
        "facing": "west",
        "half": "upper",
        "hinge": "left",
        "open": "true",
        "powered": "false"
      },
      "apply": {
        "model": "block/jungle_door_top_rh_open",
        "y": 270
      }
    },
    {
      "when": {
        "facing": "north",
        "half": "upper",
        "hinge": "left",
        "open": "true",
        "powered": "false"
      },
      "apply": {
        "model": "block/jungle_door_top_rh_open"
      }
    },
    {
      "when": {
        "facing": "east",
        "half": "upper",
        "hinge": "right",
        "open": "true",
        "powered": "false"
      },
      "apply": {
        "model": "block/jungle_door_top_open",
        "y": 270
      }
    },
    {
      "when": {
        "facing": "south",
        "half": "upper",
        "hinge": "right",
        "open": "true",
        "powered": "false"
      },
      "apply": {
        "model": "block/jungle_door_top_open"
      }
    },
    {
      "when": {
        "facing": "west",
        "half": "upper",
        "hinge": "right",
        "open": "true",
        "powered": "false"
      },
      "apply": {
        "model": "block/jungle_door_top_open",
        "y": 90
      }
    },
    {
      "when": {
        "facing": "north",
        "half": "upper",
        "hinge": "right",
        "open": "true",
        "powered": "false"
      },
      "apply": {
        "model": "block/jungle_door_top_open",
        "y": 180
      }
    },
    {
      "when": {
        "facing": "east",
        "half": "lower",
        "hinge": "left",
        "open": "false",
        "powered": "true"
      },
      "apply": {
        "model": "block/jungle_door_bottom_powered"
      }
    },
    {
      "when": {
        "facing": "south",
        "half": "lower",
        "hinge": "left",
        "open": "false",
        "powered": "true"
      },
      "apply": {
        "model": "block/jungle_door_bottom_powered",
        "y": 90
      }
    },
    {
      "when": {
        "facing": "west",
        "half": "lower",
        "hinge": "left",
        "open": "false",
        "powered": "true"
      },
      "apply": {
        "model": "block/jungle_door_bottom_powered",
        "y": 180
      }
    },
    {
      "when": {
        "facing": "north",
        "half": "lower",
        "hinge": "left",
        "open": "false",
        "powered": "true"
      },
      "apply": {
        "model": "block/jungle_door_bottom_powered",
        "y": 270
      }
    },
    {
      "when": {
        "facing": "east",
        "half": "lower",
        "hinge": "right",
        "open": "false",
        "powered": "true"
      },
      "apply": {
        "model": "block/jungle_door_bottom_rh_powered"
      }
    },
    {
      "when": {
        "facing": "south",
        "half": "lower",
        "hinge": "right",
        "open": "false",
        "powered": "true"
      },
      "apply": {
        "model": "block/jungle_door_bottom_rh_powered",
        "y": 90
      }
    },
    {
      "when": {
        "facing": "west",
        "half": "lower",
        "hinge": "right",
        "open": "false",
        "powered": "true"
      },
      "apply": {
        "model": "block/jungle_door_bottom_rh_powered",
        "y": 180
      }
    },
    {
      "when": {
        "facing": "north",
        "half": "lower",
        "hinge": "right",
        "open": "false",
        "powered": "true"
      },
      "apply": {
        "model": "block/jungle_door_bottom_rh_powered",
        "y": 270
      }
    },
    {
      "when": {
        "facing": "east",
        "half": "lower",
        "hinge": "left",
        "open": "true",
        "powered": "true"
      },
      "apply": {
        "model": "block/jungle_door_bottom_rh_powered",
        "y": 90
      }
    },
    {
      "when": {
        "facing": "south",
        "half": "lower",
        "hinge": "left",
        "open": "true",
        "powered": "true"
      },
      "apply": {
        "model": "block/jungle_door_bottom_rh_powered",
        "y": 180
      }
    },
    {
      "when": {
        "facing": "west",
        "half": "lower",
        "hinge": "left",
        "open": "true",
        "powered": "true"
      },
      "apply": {
        "model": "block/jungle_door_bottom_rh_powered",
        "y": 270
      }
    },
    {
      "when": {
        "facing": "north",
        "half": "lower",
        "hinge": "left",
        "open": "true",
        "powered": "true"
      },
      "apply": {
        "model": "block/jungle_door_bottom_rh_powered"
      }
    },
    {
      "when": {
        "facing": "east",
        "half": "lower",
        "hinge": "right",
        "open": "true",
        "powered": "true"
      },
      "apply": {
        "model": "block/jungle_door_bottom_powered",
        "y": 270
      }
    },
    {
      "when": {
        "facing": "south",
        "half": "lower",
        "hinge": "right",
        "open": "true",
        "powered": "true"
      },
      "apply": {
        "model": "block/jungle_door_bottom_powered"
      }
    },
    {
      "when": {
        "facing": "west",
        "half": "lower",
        "hinge": "right",
        "open": "true",
        "powered": "true"
      },
      "apply": {
        "model": "block/jungle_door_bottom_powered",
        "y": 90
      }
    },
    {
      "when": {
        "facing": "north",
        "half": "lower",
        "hinge": "right",
        "open": "true",
        "powered": "true"
      },
      "apply": {
        "model": "block/jungle_door_bottom_powered",
        "y": 180
      }
    },
    {
      "when": {
        "facing": "east",
        "half": "upper",
        "hinge": "left",
        "open": "false",
        "powered": "true"
      },
      "apply": {
        "model": "block/jungle_door_top_powered"
      }
    },
    {
      "when": {
        "facing": "south",
        "half": "upper",
        "hinge": "left",
        "open": "false",
        "powered": "true"
      },
      "apply": {
        "model": "block/jungle_door_top_powered",
        "y": 90
      }
    },
    {
      "when": {
        "facing": "west",
        "half": "upper",
        "hinge": "left",
        "open": "false",
        "powered": "true"
      },
      "apply": {
        "model": "block/jungle_door_top_powered",
        "y": 180
      }
    },
    {
      "when": {
        "facing": "north",
        "half": "upper",
        "hinge": "left",
        "open": "false",
        "powered": "true"
      },
      "apply": {
        "model": "block/jungle_door_top_powered",
        "y": 270
      }
    },
    {
      "when": {
        "facing": "east",
        "half": "upper",
        "hinge": "right",
        "open": "false",
        "powered": "true"
      },
      "apply": {
        "model": "block/jungle_door_top_rh_powered"
      }
    },
    {
      "when": {
        "facing": "south",
        "half": "upper",
        "hinge": "right",
        "open": "false",
        "powered": "true"
      },
      "apply": {
        "model": "block/jungle_door_top_rh_powered",
        "y": 90
      }
    },
    {
      "when": {
        "facing": "west",
        "half": "upper",
        "hinge": "right",
        "open": "false",
        "powered": "true"
      },
      "apply": {
        "model": "block/jungle_door_top_rh_powered",
        "y": 180
      }
    },
    {
      "when": {
        "facing": "north",
        "half": "upper",
        "hinge": "right",
        "open": "false",
        "powered": "true"
      },
      "apply": {
        "model": "block/jungle_door_top_rh_powered",
        "y": 270
      }
    },
    {
      "when": {
        "facing": "east",
        "half": "upper",
        "hinge": "left",
        "open": "true",
        "powered": "true"
      },
      "apply": {
        "model": "block/jungle_door_top_rh_powered",
        "y": 90
      }
    },
    {
      "when": {
        "facing": "south",
        "half": "upper",
        "hinge": "left",
        "open": "true",
        "powered": "true"
      },
      "apply": {
        "model": "block/jungle_door_top_rh_powered",
        "y": 180
      }
    },
    {
      "when": {
        "facing": "west",
        "half": "upper",
        "hinge": "left",
        "open": "true",
        "powered": "true"
      },
      "apply": {
        "model": "block/jungle_door_top_rh_powered",
        "y": 270
      }
    },
    {
      "when": {
        "facing": "north",
        "half": "upper",
        "hinge": "left",
        "open": "true",
        "powered": "true"
      },
      "apply": {
        "model": "block/jungle_door_top_rh_powered"
      }
    },
    {
      "when": {
        "facing": "east",
        "half": "upper",
        "hinge": "right",
        "open": "true",
        "powered": "true"
      },
      "apply": {
        "model": "block/jungle_door_top_powered",
        "y": 270
      }
    },
    {
      "when": {
        "facing": "south",
        "half": "upper",
        "hinge": "right",
        "open": "true",
        "powered": "true"
      },
      "apply": {
        "model": "block/jungle_door_top_powered"
      }
    },
    {
      "when": {
        "facing": "west",
        "half": "upper",
        "hinge": "right",
        "open": "true",
        "powered": "true"
      },
      "apply": {
        "model": "block/jungle_door_top_powered",
        "y": 90
      }
    },
    {
      "when": {
        "facing": "north",
        "half": "upper",
        "hinge": "right",
        "open": "true",
        "powered": "true"
      },
      "apply": {
        "model": "block/jungle_door_top_powered",
        "y": 180
      }
    }
  ]
}
