{
  "multipart": [
    {
      "when": {
        "facing": "south",
        "in_wall": "false",
        "open": "false",
        "powered": "false"
      },
      "apply": {
        "model": "block/jungle_fence_gate_closed",
        "uvlock": true
      }
    },
    {
      "when": {
        "facing": "west",
        "in_wall": "false",
        "open": "false",
        "powered": "false"
      },
      "apply": {
        "model": "block/jungle_fence_gate_closed",
        "uvlock": true,
        "y": 90
      }
    },
    {
      "when": {
        "facing": "north",
        "in_wall": "false",
        "open": "false",
        "powered": "false"
      },
      "apply": {
        "model": "block/jungle_fence_gate_closed",
        "uvlock": true,
        "y": 180
      }
    },
    {
      "when": {
        "facing": "east",
        "in_wall": "false",
        "open": "false",
        "powered": "false"
      },
      "apply": {
        "model": "block/jungle_fence_gate_closed",
        "uvlock": true,
        "y": 270
      }
    },
    {
      "when": {
        "facing": "south",
        "in_wall": "false",
        "open": "true",
        "powered": "false"
      },
      "apply": [
        {"model": "block/jungle_fence_gate_open", "uvlock": true},
		{"model": "block/jungle_fence_gate_open_2", "uvlock": true},
		{"model": "block/jungle_fence_gate_open_3", "uvlock": true},
		{"model": "block/jungle_fence_gate_open_4", "uvlock": true},
		{"model": "block/jungle_fence_gate_open_5", "uvlock": true}
      ]
    },
    {
      "when": {
        "facing": "west",
        "in_wall": "false",
        "open": "true",
        "powered": "false"
      },
      "apply": [
        {"model": "block/jungle_fence_gate_open", "uvlock": true, "y": 90},
		{"model": "block/jungle_fence_gate_open_2", "uvlock": true, "y": 90},
		{"model": "block/jungle_fence_gate_open_3", "uvlock": true, "y": 90},
		{"model": "block/jungle_fence_gate_open_4", "uvlock": true, "y": 90},
		{"model": "block/jungle_fence_gate_open_5", "uvlock": true, "y": 90}
      ]
    },
    {
      "when": {
        "facing": "north",
        "in_wall": "false",
        "open": "true",
        "powered": "false"
      },
      "apply": [
        {"model": "block/jungle_fence_gate_open", "uvlock": true, "y": 180},
		{"model": "block/jungle_fence_gate_open_2", "uvlock": true, "y": 180},
		{"model": "block/jungle_fence_gate_open_3", "uvlock": true, "y": 180},
		{"model": "block/jungle_fence_gate_open_4", "uvlock": true, "y": 180},
		{"model": "block/jungle_fence_gate_open_5", "uvlock": true, "y": 180}
      ]
    },
    {
      "when": {
        "facing": "east",
        "in_wall": "false",
        "open": "true",
        "powered": "false"
      },
      "apply": [
        {"model": "block/jungle_fence_gate_open", "uvlock": true, "y": 270},
		{"model": "block/jungle_fence_gate_open_2", "uvlock": true, "y": 270},
		{"model": "block/jungle_fence_gate_open_3", "uvlock": true, "y": 270},
		{"model": "block/jungle_fence_gate_open_4", "uvlock": true, "y": 270},
		{"model": "block/jungle_fence_gate_open_5", "uvlock": true, "y": 270}
      ]
    },
    {
      "when": {
        "facing": "south",
        "in_wall": "true",
        "open": "false",
        "powered": "false"
      },
      "apply": {
        "model": "block/vertical_slab_cobblestone",
        "uvlock": true
      }
    },
    {
      "when": {
        "facing": "west",
        "in_wall": "true",
        "open": "false",
        "powered": "false"
      },
      "apply": {
        "model": "block/vertical_slab_cobblestone",
        "uvlock": true,
        "y": 90
      }
    },
    {
      "when": {
        "facing": "north",
        "in_wall": "true",
        "open": "false",
        "powered": "false"
      },
      "apply": {
        "model": "block/vertical_slab_cobblestone",
        "uvlock": true,
        "y": 180
      }
    },
    {
      "when": {
        "facing": "east",
        "in_wall": "true",
        "open": "false",
        "powered": "false"
      },
      "apply": {
        "model": "block/vertical_slab_cobblestone",
        "uvlock": true,
        "y": 270
      }
    },
    {
      "when": {
        "facing": "south",
        "in_wall": "true",
        "open": "true",
        "powered": "false"
      },
      "apply": {
        "model": "block/vertical_slab_double_slab_cobblestone_seamless",
        "uvlock": true
      }
    },
    {
      "when": {
        "facing": "west",
        "in_wall": "true",
        "open": "true",
        "powered": "false"
      },
      "apply": {
        "model": "block/vertical_slab_double_slab_cobblestone_seamless",
        "uvlock": true,
        "y": 90
      }
    },
    {
      "when": {
        "facing": "north",
        "in_wall": "true",
        "open": "true",
        "powered": "false"
      },
      "apply": {
        "model": "block/vertical_slab_double_slab_cobblestone_seamless",
        "uvlock": true,
        "y": 180
      }
    },
    {
      "when": {
        "facing": "east",
        "in_wall": "true",
        "open": "true",
        "powered": "false"
      },
      "apply": {
        "model": "block/vertical_slab_double_slab_cobblestone_seamless",
        "uvlock": true,
        "y": 270
      }
    },
    {
      "when": {
        "facing": "south",
        "in_wall": "false",
        "open": "false",
        "powered": "true"
      },
      "apply": {
        "model": "block/jungle_fence_gate_powered_closed",
        "uvlock": true
      }
    },
    {
      "when": {
        "facing": "west",
        "in_wall": "false",
        "open": "false",
        "powered": "true"
      },
      "apply": {
        "model": "block/jungle_fence_gate_powered_closed",
        "uvlock": true,
        "y": 90
      }
    },
    {
      "when": {
        "facing": "north",
        "in_wall": "false",
        "open": "false",
        "powered": "true"
      },
      "apply": {
        "model": "block/jungle_fence_gate_powered_closed",
        "uvlock": true,
        "y": 180
      }
    },
    {
      "when": {
        "facing": "east",
        "in_wall": "false",
        "open": "false",
        "powered": "true"
      },
      "apply": {
        "model": "block/jungle_fence_gate_powered_closed",
        "uvlock": true,
        "y": 270
      }
    },
    {
      "when": {
        "facing": "south",
        "in_wall": "false",
        "open": "true",
        "powered": "true"
      },
      "apply": {
        "model": "block/jungle_fence_gate_powered_open",
        "uvlock": true
      }
    },
    {
      "when": {
        "facing": "west",
        "in_wall": "false",
        "open": "true",
        "powered": "true"
      },
      "apply": {
        "model": "block/jungle_fence_gate_powered_open",
        "uvlock": true,
        "y": 90
      }
    },
    {
      "when": {
        "facing": "north",
        "in_wall": "false",
        "open": "true",
        "powered": "true"
      },
      "apply": {
        "model": "block/jungle_fence_gate_powered_open",
        "uvlock": true,
        "y": 180
      }
    },
    {
      "when": {
        "facing": "east",
        "in_wall": "false",
        "open": "true",
        "powered": "true"
      },
      "apply": {
        "model": "block/jungle_fence_gate_powered_open",
        "uvlock": true,
        "y": 270
      }
    },
    {
      "when": {
        "facing": "south",
        "in_wall": "true",
        "open": "false",
        "powered": "true"
      },
      "apply": {
        "model": "block/vertical_slab_double_slab_cobblestone",
        "uvlock": true
      }
    },
    {
      "when": {
        "facing": "west",
        "in_wall": "true",
        "open": "false",
        "powered": "true"
      },
      "apply": {
        "model": "block/vertical_slab_double_slab_cobblestone",
        "uvlock": true,
        "y": 90
      }
    },
    {
      "when": {
        "facing": "north",
        "in_wall": "true",
        "open": "false",
        "powered": "true"
      },
      "apply": {
        "model": "block/vertical_slab_double_slab_cobblestone",
        "uvlock": true,
        "y": 180
      }
    },
    {
      "when": {
        "facing": "east",
        "in_wall": "true",
        "open": "false",
        "powered": "true"
      },
      "apply": {
        "model": "block/vertical_slab_double_slab_cobblestone",
        "uvlock": true,
        "y": 270
      }
    },
    {
      "when": {
        "facing": "south",
        "in_wall": "true",
        "open": "true",
        "powered": "true"
      },
      "apply": {
        "model": "block/vertical_slab_cobblestone_mossy",
        "uvlock": true
      }
    },
    {
      "when": {
        "facing": "west",
        "in_wall": "true",
        "open": "true",
        "powered": "true"
      },
      "apply": {
        "model": "block/vertical_slab_cobblestone_mossy",
        "uvlock": true,
        "y": 90
      }
    },
    {
      "when": {
        "facing": "north",
        "in_wall": "true",
        "open": "true",
        "powered": "true"
      },
      "apply": {
        "model": "block/vertical_slab_cobblestone_mossy",
        "uvlock": true,
        "y": 180
      }
    },
    {
      "when": {
        "facing": "east",
        "in_wall": "true",
        "open": "true",
        "powered": "true"
      },
      "apply": {
        "model": "block/vertical_slab_cobblestone_mossy",
        "uvlock": true,
        "y": 270
      }
    }
  ]
}
