{
    "variants": {
        "": [
		{ "model": "block/lilac", "weight":2 },
		{ "model": "block/lilac", "weight":2, "y": 90 },
		{ "model": "block/lilac", "weight":2, "y": 180 },
		{ "model": "block/lilac_1", "weight":2 },
		{ "model": "block/lilac_1", "weight":2, "y": 90 },
		{ "model": "block/lilac_1", "weight":2, "y": 180 },
		{ "model": "block/lilac_2", "weight":2 },
		{ "model": "block/lilac_2", "weight":2, "y": 90 },
		{ "model": "block/lilac_2", "weight":2, "y": 180 },
		{ "model": "block/lilac_3", "weight":2 },
		{ "model": "block/lilac_3", "weight":2, "y": 90 },
		{ "model": "block/lilac_3", "weight":2, "y": 180 }
		]
    }
}
