{
  "variants": {
    "": [
	{ "model": "block/lily_of_the_valley" },
	  { "model": "block/lily_of_the_valley", "y": 90 },
	  { "model": "block/lily_of_the_valley", "y": 180 },
	  { "model": "block/lily_of_the_valley", "y": 270 },
	  { "model": "block/lily_of_the_valley_1" },
	  { "model": "block/lily_of_the_valley_1", "y": 90 },
	  { "model": "block/lily_of_the_valley_1", "y": 180 },
	  { "model": "block/lily_of_the_valley_1", "y": 270 },
	   { "model": "block/lily_of_the_valley_2" },
	  { "model": "block/lily_of_the_valley_2", "y": 90 },
	  { "model": "block/lily_of_the_valley_2", "y": 180 },
	  { "model": "block/lily_of_the_valley_2", "y": 270 }
    ]
  }
}
