{
  "variants": {
    "": [
	  { "model": "block/quartz_ore" },
      { "model": "block/quartz_ore", "y": 90 },
	  { "model": "block/quartz_ore", "y": 180 },
	  { "model": "block/quartz_ore", "y": 270 },
	  { "model": "block/quartz_ore_2" },
	  { "model": "block/quartz_ore_2", "y": 90 },
	  { "model": "block/quartz_ore_2", "y": 180 },
	  { "model": "block/quartz_ore_2", "y": 270 },
	  { "model": "block/quartz_ore_3" },
	  { "model": "block/quartz_ore_3", "y": 90 },
	  { "model": "block/quartz_ore_3", "y": 180 },
	  { "model": "block/quartz_ore_3", "y": 270 },
	  { "model": "block/quartz_ore_4" },
	  { "model": "block/quartz_ore_4", "y": 90 },
	  { "model": "block/quartz_ore_4", "y": 180 },
	  { "model": "block/quartz_ore_4", "y": 270 },
	  { "model": "block/quartz_ore_5" },
	  { "model": "block/quartz_ore_5", "y": 90 },
	  { "model": "block/quartz_ore_5", "y": 180 },
	  { "model": "block/quartz_ore_5", "y": 270 },
	  { "model": "block/quartz_ore_6" },
	  { "model": "block/quartz_ore_6", "y": 90 },
	  { "model": "block/quartz_ore_6", "y": 180 },
	  { "model": "block/quartz_ore_6", "y": 270 },
	  { "model": "block/quartz_ore_7" },
	  { "model": "block/quartz_ore_7", "y": 90 },
	  { "model": "block/quartz_ore_7", "y": 180 },
	  { "model": "block/quartz_ore_7", "y": 270 }
    ]
  }
}
