{
    "variants": {
        "": [
            { "model": "block/orange_concrete" },
            { "model": "block/orange_concrete", "y": 90 },
            { "model": "block/orange_concrete", "y": 180 },
            { "model": "block/orange_concrete", "y": 270 },
			{ "model": "block/orange_concrete_2" },
            { "model": "block/orange_concrete_2", "y": 90 },
            { "model": "block/orange_concrete_2", "y": 180 },
            { "model": "block/orange_concrete_2", "y": 270 },
			{ "model": "block/orange_concrete_3" },
            { "model": "block/orange_concrete_3", "y": 90 },
            { "model": "block/orange_concrete_3", "y": 180 },
            { "model": "block/orange_concrete_3", "y": 270 }
        ]
    }
}