{
  "variants": {
    "half=lower": [
      { "model": "block/peony_bottom" },
      { "model": "block/peony_bottom", "y": 90 },
      { "model": "block/peony_bottom", "y": 180 },
      { "model": "block/peony_bottom", "y": 270 },
      { "model": "block/peony_bottom_2" },
      { "model": "block/peony_bottom_2", "y": 90 },
      { "model": "block/peony_bottom_2", "y": 180 },
      { "model": "block/peony_bottom_2", "y": 270 }
  ],
      "half=upper": [
      { "model": "block/peonyt" },
      { "model": "block/peonyt", "y": 90 },
      { "model": "block/peonyt", "y": 180 },
      { "model": "block/peonyt", "y": 270 },
	  { "model": "block/peonyt_1" },
      { "model": "block/peonyt_1", "y": 90 },
      { "model": "block/peonyt_1", "y": 180 },
      { "model": "block/peonyt_1", "y": 270 },
	  { "model": "block/peonyt_2" },
      { "model": "block/peonyt_2", "y": 90 },
      { "model": "block/peonyt_2", "y": 180 },
      { "model": "block/peonyt_2", "y": 270 },
	  { "model": "block/peonyt_3" },
      { "model": "block/peonyt_3", "y": 90 },
      { "model": "block/peonyt_3", "y": 180 },
      { "model": "block/peonyt_3", "y": 270 }
  ]
    }
  }