{
  "variants": {
    "powered\u003dfalse,shape\u003dnorth_south": {
      "model": "block/powered_rail"
    },
    "powered\u003dfalse,shape\u003deast_west": {
      "model": "block/powered_rail",
      "y": 90
    },
    "powered\u003dfalse,shape\u003dascending_east": {
      "model": "block/powered_rail_raised_ne",
      "y": 90
    },
    "powered\u003dtrue,shape\u003dnorth_south": {
      "model": "block/golden_rail_flat_diagonal"
    },
    "powered\u003dtrue,shape\u003deast_west": {
      "model": "block/golden_rail_flat_diagonal",
      "y": 90
    },
    "powered\u003dtrue,shape\u003dascending_east": {
      "model": "block/golden_rail_raised_e"
    },
    "powered\u003dtrue,shape\u003dascending_west": {
      "model": "block/beech_thin_trunk_horizontal"
    },
    "powered\u003dtrue,shape\u003dascending_north": {
      "model": "block/beech_thin_trunk_horizontal_2"
    },
    "powered\u003dtrue,shape\u003dascending_south": {
      "model": "block/beech_thin_trunk_horizontal_3"
    }
  }
}
