{
  "variants": {
    "shape=ascending_east": {
      "model": "minecraft:block/oak_thin_trunk_horizontal_4",
      "y": 90
    },
    "shape=ascending_north": [
	{ "model": "minecraft:block/oak_leaves_slab"},
	{ "model": "minecraft:block/oak_leaves_slab_2"},
	{ "model": "minecraft:block/oak_leaves_slab_3"},
	{ "model": "minecraft:block/oak_leaves_slab_4"},
	{ "model": "minecraft:block/oak_leaves_slab_5"},
	{ "model": "minecraft:block/oak_leaves_slab_6"}
	],
    "shape=ascending_south": {
      "model": "minecraft:block/beech_thin_trunk_horizontal_4"
    },
    "shape=ascending_west": {
      "model": "minecraft:block/oak_thin_trunk_horizontal_3",
      "y": 90
    },
    "shape=east_west": {
      "model": "minecraft:block/oak_thin_trunk_horizontal_2",
      "y": 90
    },
    "shape=north_east": {
      "model": "minecraft:block/rail_corner",
      "y": 270
    },
    "shape=north_south": {
      "model": "minecraft:block/oak_thin_trunk_horizontal"
    },
    "shape=north_west": {
      "model": "minecraft:block/rail_corner",
      "y": 180
    },
    "shape=south_east": {
      "model": "minecraft:block/rail_corner"
    },
    "shape=south_west": {
      "model": "minecraft:block/rail_corner",
      "y": 90
    }
  }
}