{
  "variants": {
      "axis=y": [
  { "model": "block/stripped_warped_hyphae" },
  { "model": "block/stripped_warped_hyphae_2" },
  { "model": "block/stripped_warped_hyphae_3" },
  { "model": "block/stripped_warped_hyphae_4" },
  { "model": "block/stripped_warped_hyphae_5" },
  { "model": "block/stripped_warped_hyphae_6" },
  { "model": "block/stripped_warped_hyphae_7" }
  ],
      "axis=z": [
        { "model": "block/stripped_warped_hyphae" },
        { "model": "block/stripped_warped_hyphae_2" },
        { "model": "block/stripped_warped_hyphae_3" },
        { "model": "block/stripped_warped_hyphae_4" },
        { "model": "block/stripped_warped_hyphae_5" },
        { "model": "block/stripped_warped_hyphae_6" },
        { "model": "block/stripped_warped_hyphae_7" }
  ],
      "axis=x": [    
        { "model": "block/stripped_warped_hyphae" },
        { "model": "block/stripped_warped_hyphae_2" },
        { "model": "block/stripped_warped_hyphae_3" },
        { "model": "block/stripped_warped_hyphae_4" },
        { "model": "block/stripped_warped_hyphae_5" },
        { "model": "block/stripped_warped_hyphae_6" },
        { "model": "block/stripped_warped_hyphae_7" }
  
  ]
  }
}