{
  "multipart": [
    {
      "when": {
        "age": "0"
      },
      "apply": {
        "model": "block/reeds_stage0",
        "uvlock": true
      }
    },
    {
      "when": {
        "age": "1"
      },
      "apply": {
        "model": "block/reeds_stage1",
        "uvlock": true
      }
    },
	{
      "when": {
        "age": "2"
      },
      "apply":[
			{ "model": "block/grass_slab" },
			{ "model": "block/grass_slab", "y": 90 },
            { "model": "block/grass_slab", "y": 180 },
            { "model": "block/grass_slab", "y": 270 },
			{ "model": "block/grass_slab_1" },
			{ "model": "block/grass_slab_1", "y": 90 },
            { "model": "block/grass_slab_1", "y": 180 },
            { "model": "block/grass_slab_1", "y": 270 },
			{ "model": "block/grass_slab_2" },
			{ "model": "block/grass_slab_2", "y": 90 },
            { "model": "block/grass_slab_2", "y": 180 },
            { "model": "block/grass_slab_2", "y": 270 }
			]
    },
    {
      "when": {
        "OR": [
          {
            "age": "3"
          },
          {
            "age": "4"
          },
          {
            "age": "5"
          },
          {
            "age": "6"
          },
          {
            "age": "7"
          },
          {
            "age": "8"
          },
          {
            "age": "9"
          },
          {
            "age": "10"
          },
          {
            "age": "11"
          },
          {
            "age": "12"
          },
          {
            "age": "13"
          },
          {
            "age": "14"
          },
          {
            "age": "15"
          }
        ]
      },
      "apply": {
        "model": "block/unused_cross_0",
        "uvlock": true
      }
    }
  ]
}
