{
  "variants": {
    "power=0": [
			{ "model": "minecraft:block/target_block_power0" },
			{ "model": "minecraft:block/target_block_power0_2" },
			{ "model": "minecraft:block/target_block_power0_3" },
			{ "model": "minecraft:block/target_block_power0_4" }
			],
	"power=1":[
			{ "model": "minecraft:block/target_block_power1" },
			{ "model": "minecraft:block/target_block_power1_2" },
			{ "model": "minecraft:block/target_block_power1_3" },
			{ "model": "minecraft:block/target_block_power1_4" },
			{ "model": "minecraft:block/target_block_power1_5" },
			{ "model": "minecraft:block/target_block_power1_6" }
			],
	"power=2": [
			{ "model": "minecraft:block/target_block_power2" },
			{ "model": "minecraft:block/target_block_power2_2" },
			{ "model": "minecraft:block/target_block_power2_3" }
			],
	"power=3": [
			{ "model": "minecraft:block/target_block_power0", "y": 90 },
			{ "model": "minecraft:block/target_block_power0_2", "y": 90 },
			{ "model": "minecraft:block/target_block_power0_3", "y": 90 },
			{ "model": "minecraft:block/target_block_power0_4", "y": 90 }
			],
	"power=4": [
			{ "model": "minecraft:block/target_block_power4" },
			{ "model": "minecraft:block/target_block_power4_2" },
			{ "model": "minecraft:block/target_block_power4_3" }
			],
	"power=5": [
			{ "model": "minecraft:block/target_block_power5" },
			{ "model": "minecraft:block/target_block_power5_2" },
			{ "model": "minecraft:block/target_block_power5_3" },
			{ "model": "minecraft:block/target_block_power5_4" },
			{ "model": "minecraft:block/target_block_power5_5" },
			{ "model": "minecraft:block/target_block_power5_6" },
			{ "model": "minecraft:block/target_block_power5_7" }
			],
	"power=6": [
			{ "model": "minecraft:block/target_block_power6", "weight": 2 },
			{ "model": "minecraft:block/target_block_power6_2", "weight": 1 },
			{ "model": "minecraft:block/target_block_power6_3", "weight": 1 },
			{ "model": "minecraft:block/target_block_power6_4", "weight": 1 },
			{ "model": "minecraft:block/target_block_power6_5", "weight": 1 },
			{ "model": "minecraft:block/target_block_power6_6", "weight": 3 },
			{ "model": "minecraft:block/target_block_power6_7", "weight": 3 },
			{ "model": "minecraft:block/target_block_power6_8", "weight": 1 }
			],
	 "power=7": [
			{ "model": "minecraft:block/target_block_power7" },
			{ "model": "minecraft:block/target_block_power7_2" },
			{ "model": "minecraft:block/target_block_power7_3" },
			{ "model": "minecraft:block/target_block_power7_4" }
			],
	"power=8": [
			{ "model": "minecraft:block/target_block_power7", "y": 90 },
			{ "model": "minecraft:block/target_block_power7_2", "y": 90 },
			{ "model": "minecraft:block/target_block_power7_3", "y": 90 },
			{ "model": "minecraft:block/target_block_power7_4", "y": 90 }
			],
	"power=9": [
			{ "model": "minecraft:block/target_block_power9", "weight": 1 },
			{ "model": "minecraft:block/target_block_power9_2", "weight": 2 },
			{ "model": "minecraft:block/target_block_power9_3", "weight": 1 },
			{ "model": "minecraft:block/target_block_power9_4", "weight": 1 },
			{ "model": "minecraft:block/target_block_power9_5", "weight": 1 }
			],
	"power=10":[
			{ "model": "minecraft:block/target10" },
			{ "model": "minecraft:block/target10_2" },
			{ "model": "minecraft:block/target10_3" },
			{ "model": "minecraft:block/target10_4" },
			{ "model": "minecraft:block/target10_5" }
			],
	"power=11":[
			{ "model": "minecraft:block/target11" },
			{ "model": "minecraft:block/target11_2" },
			{ "model": "minecraft:block/target11_3" },
			{ "model": "minecraft:block/target11_4" },
			{ "model": "minecraft:block/target11_5" }
			],
	"power=12":[
			{ "model": "minecraft:block/target12" },
			{ "model": "minecraft:block/target12_2" },
			{ "model": "minecraft:block/target12_3" },
			{ "model": "minecraft:block/target12_4" },
			{ "model": "minecraft:block/target12_5" },
			{ "model": "minecraft:block/target12_6" }
			],
	"power=13":[
			{ "model": "minecraft:block/target13" },
			{ "model": "minecraft:block/target13_2" },
			{ "model": "minecraft:block/target13_3" },
			{ "model": "minecraft:block/target13_4" },
			{ "model": "minecraft:block/target13_5" }
			],
	"power=14":[
			{ "model": "minecraft:block/target14" },
			{ "model": "minecraft:block/target14_2" },
			{ "model": "minecraft:block/target14_3" },
			{ "model": "minecraft:block/target14_4" },
			{ "model": "minecraft:block/target14_5" }
			],
	"power=15":[
			{ "model": "minecraft:block/target15" },
			{ "model": "minecraft:block/target15_2" },
			{ "model": "minecraft:block/target15_3" },
			{ "model": "minecraft:block/target15_4" },
			{ "model": "minecraft:block/target15_5" },
			{ "model": "minecraft:block/target15_6" }
			]
  }
}