{
    "variants": {
        "face=floor,facing=east,powered=false":  { "model": "block/replace", "y": 90 },
        "face=floor,facing=west,powered=false":  { "model": "block/replace", "y": 270 },
        "face=floor,facing=south,powered=false": { "model": "block/replace", "y": 180 },
        "face=floor,facing=north,powered=false": { "model": "block/replace", "x": 270  },
        "face=wall,facing=east,powered=false":  { "model": "block/graham", "y": 90 },
        "face=wall,facing=west,powered=false":  { "model": "block/graham", "y": 270 },
        "face=wall,facing=south,powered=false": { "model": "block/graham", "y": 180 },
        "face=wall,facing=north,powered=false": { "model": "block/graham" },
        "face=ceiling,facing=east,powered=false":  { "model": "block/replace", "y": 90},
        "face=ceiling,facing=west,powered=false":  { "model": "block/replace", "x": 180, "y": 90 },
        "face=ceiling,facing=south,powered=false": { "model": "block/replace", "y": 90 },
        "face=ceiling,facing=north,powered=false": {  "model": "block/replace", "x": 90 },
        "face=floor,facing=east,powered=true":  { "model": "block/replace", "y": 90 },
        "face=floor,facing=west,powered=true":  { "model": "block/replace", "y": 270 },
        "face=floor,facing=south,powered=true": { "model": "block/replace", "y": 180 },
        "face=floor,facing=north,powered=true": { "model": "block/replace" },
        "face=wall,facing=east,powered=true":  { "model": "block/inn_banner", "y": 90 },
        "face=wall,facing=west,powered=true":  { "model": "block/inn_banner", "y": 270 },
        "face=wall,facing=south,powered=true": { "model": "block/inn_banner", "y": 180 },
        "face=wall,facing=north,powered=true": { "model": "block/inn_banner"},
        "face=ceiling,facing=east,powered=true":  { "model": "block/replace", "x": 180, "y": 270 },
        "face=ceiling,facing=west,powered=true":  { "model": "block/replace", "x": 180, "y": 90 },
        "face=ceiling,facing=south,powered=true": { "model": "block/replace", "x": 180 },
        "face=ceiling,facing=north,powered=true": { "model": "block/replace", "x": 180, "y": 180 }
    }
}
