{
  "variants": {
    "": [
      {
        "model": "block/yellow_concrete_powder",
        "weight": 10
      },
      {
        "model": "block/yellow_concrete_powder",
		"y": 90,
        "weight": 10
      },
	  {
        "model": "block/yellow_concrete_powder",
		"y": 180,
        "weight": 10
      },
      {
        "model": "block/yellow_concrete_powder",
        "y": 270,
        "weight": 10
	  },
	  {
        "model": "block/yellow_concrete_powder_2",
        "weight": 10
      },
      {
        "model": "block/yellow_concrete_powder_2",
		"y": 90,
        "weight": 10
      },
	  {
        "model": "block/yellow_concrete_powder_2",
		"y": 180,
        "weight": 10
      },
      {
        "model": "block/yellow_concrete_powder_2",
        "y": 270,
        "weight": 10
			  },
	  {
        "model": "block/yellow_concrete_powder_3",
        "weight": 10
      },
      {
        "model": "block/yellow_concrete_powder_3",
		"y": 90,
        "weight": 10
      },
	  {
        "model": "block/yellow_concrete_powder_3",
		"y": 180,
        "weight": 10
      },
      {
        "model": "block/yellow_concrete_powder_3",
        "y": 270,
        "weight": 10
	  },
      {
        "model": "block/yellow_concrete_powder_4",
        "weight": 10
      },
      {
        "model": "block/yellow_concrete_powder_4",
		"y": 90,
        "weight": 10
      },
	  {
        "model": "block/yellow_concrete_powder_4",
		"y": 180,
        "weight": 10
      },
      {
        "model": "block/yellow_concrete_powder_4",
        "y": 270,
        "weight": 10
      }
    ]
  }
}
