{
	"credit": "Made with Blockbench",
	"ambientocclusion": false,
	"textures": {
		"particle": "#0"
	},
	"elements": [
		{
			"name": "Big",
			"from": [-16, -16, 8],
			"to": [32, 32, 8],
			"shade": false,
			"rotation": {"angle": -22.5, "axis": "y", "origin": [8, 8, 8], "rescale": true},
			"faces": {
				"north": {"uv": [0, 0, 16, 16], "texture": "#0", "cullface": "down"},
				"south": {"uv": [16, 0, 0, 16], "texture": "#0", "cullface": "down"}
			}
		},
		{
			"name": "Big2",
			"from": [8, -16, -16],
			"to": [8, 32, 32],
			"shade": false,
			"rotation": {"angle": -22.5, "axis": "y", "origin": [8, 8, 8], "rescale": true},
			"faces": {
				"east": {"uv": [16, 0, 0, 16], "texture": "#1", "cullface": "down"},
				"west": {"uv": [0, 0, 16, 16], "texture": "#1", "cullface": "down"}
			}
		},
		{
			"name": "Small",
			"from": [-16, -16, 7.9],
			"to": [32, 32, 7.9],
			"shade": false,
			"rotation": {"angle": -22.5, "axis": "y", "origin": [8, 8, 7.9], "rescale": true},
			"faces": {
				"north": {"uv": [0, 0, 16, 16], "texture": "#2"},
				"south": {"uv": [16, 0, 0, 16], "texture": "#2"}
			}
		},
		{
			"name": "Small2",
			"from": [7.9, -16, -16],
			"to": [7.9, 32, 32],
			"shade": false,
			"rotation": {"angle": -22.5, "axis": "y", "origin": [7.9, 8, 8], "rescale": true},
			"faces": {
				"east": {"uv": [16, 0, 0, 16], "texture": "#3"},
				"west": {"uv": [0, 0, 16, 16], "texture": "#3"}
			}
		}
	]
}