{
	"credit": "Made with Blockbench",
	"ambientocclusion": false,
	"textures": {
		"particle": "#1"
	},
	"elements": [
		{
			"name": "North",
			"from": [-16, -16, 3],
			"to": [32, 32, 3],
			"shade": false,
			"rotation": {"angle": -45, "axis": "y", "origin": [8, 0, 8]},
			"faces": {
				"north": {"uv": [15, 0, 1, 16], "texture": "#1"},
				"south": {"uv": [1, 0, 15, 16], "texture": "#1"}
			}
		},
		{
			"name": "North_b",
			"from": [-16, -16, 2.97],
			"to": [32, 32, 2.97],
			"shade": false,
			"rotation": {"angle": -45, "axis": "y", "origin": [8, 0, 8]},
			"faces": {
				"north": {"uv": [15, 0, 1, 16], "texture": "#5", "cullface": "down"},
				"south": {"uv": [1, 0, 15, 16], "texture": "#5", "cullface": "down"}
			}
		},
		{
			"name": "South",
			"from": [-16, -16, 12],
			"to": [32, 32, 12],
			"shade": false,
			"rotation": {"angle": -45, "axis": "y", "origin": [8, 0, 8]},
			"faces": {
				"north": {"uv": [15, 0, 1, 16], "texture": "#2"},
				"south": {"uv": [1, 0, 15, 16], "texture": "#2"}
			}
		},
		{
			"name": "South_b",
			"from": [-16, -16, 12.03],
			"to": [32, 32, 12.03],
			"shade": false,
			"rotation": {"angle": -45, "axis": "y", "origin": [8, 0, 8]},
			"faces": {
				"north": {"uv": [15, 0, 1, 16], "texture": "#6", "cullface": "down"},
				"south": {"uv": [1, 0, 15, 16], "texture": "#6", "cullface": "down"}
			}
		},
		{
			"name": "West",
			"from": [4, -16, -16],
			"to": [4, 32, 32],
			"shade": false,
			"rotation": {"angle": -45, "axis": "y", "origin": [8, 0, 8]},
			"faces": {
				"east": {"uv": [15, 0, 1, 16], "texture": "#3"},
				"west": {"uv": [1, 0, 15, 16], "texture": "#3"}
			}
		},
		{
			"name": "West_b",
			"from": [3.97, -16, -16],
			"to": [3.97, 32, 32],
			"shade": false,
			"rotation": {"angle": -45, "axis": "y", "origin": [8, 0, 8]},
			"faces": {
				"east": {"uv": [15, 0, 1, 16], "texture": "#7", "cullface": "down"},
				"west": {"uv": [1, 0, 15, 16], "texture": "#7", "cullface": "down"}
			}
		},
		{
			"name": "East",
			"from": [12, -16, -16],
			"to": [12, 32, 32],
			"shade": false,
			"rotation": {"angle": -45, "axis": "y", "origin": [8, 0, 8]},
			"faces": {
				"east": {"uv": [1, 0, 15, 16], "texture": "#4"},
				"west": {"uv": [15, 0, 1, 16], "texture": "#4"}
			}
		},
		{
			"name": "East_b",
			"from": [12.03, -16, -16],
			"to": [12.03, 32, 32],
			"shade": false,
			"rotation": {"angle": -45, "axis": "y", "origin": [8, 0, 8]},
			"faces": {
				"east": {"uv": [1, 0, 15, 16], "texture": "#8", "cullface": "down"},
				"west": {"uv": [15, 0, 1, 16], "texture": "#8", "cullface": "down"}
			}
		}
	],
	"display": {
		"thirdperson_righthand": {
			"translation": [0, 2.5, 0],
			"scale": [0.41, 0.41, 0.41]
		},
		"thirdperson_lefthand": {
			"translation": [0, 2.5, 0],
			"scale": [0.41, 0.41, 0.41]
		},
        "gui": {
            "rotation": [ 30, 225, 0 ],
            "translation": [ 0, 0, 0],
            "scale":[ 0.45, 0.45, 0.45 ]
        },
        "fixed": {
            "rotation": [ 0, 0, 0 ],
            "translation": [ 0, 0, 0],
            "scale":[ 0.35, 0.35, 0.35 ]
        },
        "firstperson_righthand": {
            "rotation": [ 0, 45, 0 ],
            "translation": [ 0, 0, 0 ],
            "scale": [ 0.30, 0.30, 0.30 ]
        },
        "firstperson_lefthand": {
            "rotation": [ 0, 225, 0 ],
            "translation": [ 0, 0, 0 ],
            "scale": [ 0.30, 0.30, 0.30 ]
        }
	}
}