{
	"credit": "Made with Blockbench",
	"texture_size": [48, 48],
	"textures": {
		"1": "block/double_slab_planks_acacia_composite",
		"2": "block/stripped_oak_log_composite",
		"particle": "block/stripped_oak_log_composite"
	},
	"elements": [
		{
			"from": [14.5, 0, -2],
			"to": [18.5, 21, 2],
			"rotation": {"angle": 0, "axis": "y", "origin": [0, 0, -4]},
			"faces": {
				"north": {"uv": [7, 0.66667, 8.33333, 7.66667], "texture": "#2"},
				"east": {"uv": [7.33333, 0.66667, 8.66667, 7.66667], "texture": "#2"},
				"south": {"uv": [6.66667, 1, 8, 8], "texture": "#2"},
				"west": {"uv": [8, 0, 9.33333, 7], "texture": "#2"},
				"up": {"uv": [7.66667, 1.33333, 9, 2.66667], "texture": "#2"},
				"down": {"uv": [8.33333, 2.66667, 9.66667, 4], "texture": "#2"}
			}
		},
		{
			"from": [8.5, 2, -4],
			"to": [24.5, 6, -2],
			"rotation": {"angle": 0, "axis": "y", "origin": [0, 0, -4]},
			"faces": {
				"north": {"uv": [1, 9.33333, 6.33333, 10.66666], "texture": "#1"},
				"east": {"uv": [9.33333, 5.66667, 10, 7], "texture": "#1"},
				"south": {"uv": [1, 9.33333, 6.5, 10.66666], "texture": "#1"},
				"up": {"uv": [0.33333, 6, 5.83333, 6.66667], "texture": "#1"},
				"down": {"uv": [2.33333, 7.66667, 7.83333, 8.33334], "texture": "#1"}
			}
		},
		{
			"from": [-15.89355, 13.11519, -3.9],
			"to": [22.10645, 17.11519, -1.9],
			"rotation": {"angle": -22.5, "axis": "z", "origin": [3.10645, 15.11519, -2.9]},
			"faces": {
				"north": {"uv": [0.33333, 5.33333, 13, 4], "texture": "#1"},
				"east": {"uv": [9, 4, 9.66667, 5.33333], "texture": "#1"},
				"south": {"uv": [0.33333, 9.33333, 13, 10.66666], "texture": "#1"},
				"west": {"uv": [2.66667, 5.66667, 3.33333, 7], "texture": "#1"},
				"up": {"uv": [0, 8, 12.66667, 8.66667], "texture": "#1"},
				"down": {"uv": [1.66667, 6, 14.33334, 6.66667], "texture": "#1"}
			}
		},
		{
			"from": [-15.5, 2.024, -3.98],
			"to": [-6, 5.984, -2.02],
			"rotation": {"angle": 0, "axis": "y", "origin": [0, 0, -4]},
			"faces": {
				"north": {"uv": [11, 9.33333, 14.16667, 10.66], "texture": "#1"},
				"south": {"uv": [1, 9.33333, 4.16667, 10.66], "texture": "#1"},
				"west": {"uv": [9, 7.33333, 9.66, 8.66], "texture": "#1"},
				"up": {"uv": [0.33333, 6, 3.5, 6.66], "texture": "#1"},
				"down": {"uv": [2.33333, 7.66667, 5.5, 8.32667], "texture": "#1"}
			}
		},
		{
			"from": [-6.5, 2.017, -3.99],
			"to": [9, 5.997, -2.01],
			"rotation": {"angle": 0, "axis": "y", "origin": [0, 0, -4]},
			"faces": {
				"north": {"uv": [6, 9.33333, 11.16667, 10.66], "texture": "#1"},
				"south": {"uv": [1, 9.33333, 6.16667, 10.66], "texture": "#1"},
				"up": {"uv": [0.33333, 6, 5.5, 6.66], "texture": "#1"},
				"down": {"uv": [2.33333, 7.66667, 7.5, 8.32667], "texture": "#1"}
			}
		}
	]
}