{
	"credit": "Made with Blockbench",
	"texture_size": [48, 48],
	"textures": {
		"1": "block/double_slab_planks_acacia_composite",
		"2": "block/stripped_oak_log_composite",
		"particle": "block/stripped_oak_log_composite"
	},
	"elements": [
		{
			"from": [14.5, 0, -2],
			"to": [18.5, 23, 2],
			"faces": {
				"north": {"uv": [7.66667, 0.66667, 9, 8.33333], "texture": "#2"},
				"east": {"uv": [7.33333, 0.66667, 8.66667, 8.33333], "texture": "#2"},
				"south": {"uv": [6, 1, 7.33333, 8.66667], "texture": "#2"},
				"west": {"uv": [8, 0, 9.33333, 7.66667], "texture": "#2"},
				"up": {"uv": [6.33333, 1, 7.66667, 2.33333], "texture": "#2"},
				"down": {"uv": [7.66667, 2.33333, 9, 3.66667], "texture": "#2"}
			}
		},
		{
			"from": [8.5, 6.4, -4],
			"to": [24.5, 10.4, -2],
			"faces": {
				"north": {"uv": [1, 9.33333, 6.33333, 10.66666], "texture": "#1"},
				"east": {"uv": [9.33333, 5.66667, 10, 7], "texture": "#1"},
				"south": {"uv": [1, 9.33333, 6.5, 10.66666], "texture": "#1"},
				"up": {"uv": [0.33333, 6, 5.83333, 6.66667], "texture": "#1"},
				"down": {"uv": [2.33333, 7.66667, 7.83333, 8.33334], "texture": "#1"}
			}
		},
		{
			"from": [8.5, 15.4, -4],
			"to": [24.5, 19.4, -2],
			"faces": {
				"north": {"uv": [0.33333, 5.33333, 5.66666, 4], "texture": "#1"},
				"east": {"uv": [9, 4, 9.66667, 5.33333], "texture": "#1"},
				"south": {"uv": [0.33333, 9.33333, 5.83333, 10.66666], "texture": "#1"},
				"up": {"uv": [2.33333, 8, 7.83333, 8.66667], "texture": "#1"},
				"down": {"uv": [1.66667, 6, 7.16667, 6.66667], "texture": "#1"}
			}
		},
		{
			"from": [-15.5, 6.424, -3.98],
			"to": [-6, 10.384, -2.02],
			"faces": {
				"north": {"uv": [11, 9.33333, 14.16667, 10.66], "texture": "#1"},
				"south": {"uv": [1, 9.33333, 4.16667, 10.66], "texture": "#1"},
				"west": {"uv": [9, 7.33333, 9.66, 8.66], "texture": "#1"},
				"up": {"uv": [0.33333, 6, 3.5, 6.66], "texture": "#1"},
				"down": {"uv": [2.33333, 7.66667, 5.5, 8.32667], "texture": "#1"}
			}
		},
		{
			"from": [-6.5, 15.417, -3.99],
			"to": [9, 19.397, -2.01],
			"faces": {
				"north": {"uv": [5.33333, 5.32667, 10.5, 4], "texture": "#1"},
				"south": {"uv": [0.33333, 9.33333, 5.5, 10.66], "texture": "#1"},
				"up": {"uv": [2.33333, 8, 7.5, 8.66], "texture": "#1"},
				"down": {"uv": [1.66667, 6, 6.83334, 6.66], "texture": "#1"}
			}
		},
		{
			"from": [-15.5, 15.424, -3.98],
			"to": [-6, 19.384, -2.02],
			"faces": {
				"north": {"uv": [10.33333, 5.32667, 13.5, 4], "texture": "#1"},
				"south": {"uv": [0.33333, 9.33333, 3.5, 10.66], "texture": "#1"},
				"west": {"uv": [6, 2.33333, 7, 3.66667], "texture": "#1"},
				"up": {"uv": [2.33333, 8, 5.5, 8.66], "texture": "#1"},
				"down": {"uv": [1.66667, 6, 4.83334, 6.66], "texture": "#1"}
			}
		},
		{
			"from": [-6.5, 6.417, -3.99],
			"to": [9, 10.397, -2.01],
			"faces": {
				"north": {"uv": [6, 9.33333, 11.16667, 10.66], "texture": "#1"},
				"south": {"uv": [1, 9.33333, 6.16667, 10.66], "texture": "#1"},
				"up": {"uv": [0.33333, 6, 5.5, 6.66], "texture": "#1"},
				"down": {"uv": [2.33333, 7.66667, 7.5, 8.32667], "texture": "#1"}
			}
		}
	]
}