{
	"credit": "Made with Blockbench",
	"parent": "minecraft:block/door_bottom",
	"ambientocclusion": false,
	"texture_size": [48, 48],
	"textures": {
		"1": "block/stone_bricks_comp",
		"particle": "block/stone_bricks_comp"
	},
	"elements": [
		{
			"from": [-5.60417, 9.09208, -2.06],
			"to": [2.79583, 18.09208, 17.915],
			"rotation": {"angle": -22.5, "axis": "z", "origin": [11.77708, 6.89139, 7.94297]},
			"faces": {
				"north": {"uv": [11, 5.66667, 14, 3], "rotation": 90, "texture": "#1", "cullface": "down"},
				"east": {"uv": [0, 3, 6.65833, 0], "rotation": 180, "texture": "#1", "cullface": "down"},
				"south": {"uv": [12.33333, 5.33334, 15.33333, 2.66667], "rotation": 270, "texture": "#1", "cullface": "down"},
				"west": {"uv": [3.66667, 0, 10.33334, 3], "texture": "#1", "cullface": "down"},
				"up": {"uv": [5.33333, 0, 11.99167, 2.5], "rotation": 270, "texture": "#1", "cullface": "down"},
				"down": {"uv": [0, 0, 6.66667, 2.66667], "rotation": 270, "texture": "#1", "cullface": "down"}
			}
		},
		{
			"from": [14.10912, -11.175, -2.05495],
			"to": [23.10912, -2.175, 17.94505],
			"rotation": {"angle": 0, "axis": "y", "origin": [11.77708, 6.89139, 7.94297]},
			"faces": {
				"north": {"uv": [11, 3, 14, 6], "texture": "#1", "cullface": "down"},
				"east": {"uv": [6.33333, 0, 13, 3], "texture": "#1", "cullface": "down"},
				"south": {"uv": [13, 3.33333, 16, 6.33333], "texture": "#1", "cullface": "down"},
				"west": {"uv": [16, 0, 9.33333, 3], "texture": "#1", "cullface": "down"},
				"up": {"uv": [9.33333, 0, 16, 3], "rotation": 90, "texture": "#1", "cullface": "down"},
				"down": {"uv": [9.33333, 0, 16, 3], "rotation": 270, "texture": "#1", "cullface": "down"}
			}
		},
		{
			"from": [10.43909, -2.43566, -2.05495],
			"to": [19.43909, 6.56434, 17.94505],
			"rotation": {"angle": 22.5, "axis": "z", "origin": [11.77708, 6.89139, 7.94297]},
			"faces": {
				"north": {"uv": [11, 3.66667, 14, 6.66667], "texture": "#1", "cullface": "down"},
				"east": {"uv": [9.33333, 0, 16, 3], "texture": "#1", "cullface": "down"},
				"south": {"uv": [13, 3.33333, 16, 6.33333], "texture": "#1", "cullface": "down"},
				"west": {"uv": [5.66667, 0, 12.33333, 3], "texture": "#1", "cullface": "down"},
				"up": {"uv": [9.33333, 0, 16, 3], "rotation": 90, "texture": "#1", "cullface": "down"},
				"down": {"uv": [9.33333, 0, 16, 3], "rotation": 270, "texture": "#1", "cullface": "down"}
			}
		},
		{
			"from": [10.36209, 7.03342, -2.05495],
			"to": [19.36209, 16.03342, 17.94505],
			"rotation": {"angle": 45, "axis": "z", "origin": [11.77708, 6.89139, 7.94297]},
			"faces": {
				"north": {"uv": [13, 3, 16, 6], "texture": "#1", "cullface": "down"},
				"east": {"uv": [9.33333, 0, 16, 3], "texture": "#1", "cullface": "down"},
				"south": {"uv": [13, 3, 16, 6], "texture": "#1", "cullface": "down"},
				"west": {"uv": [9.33333, 0, 16, 3], "texture": "#1", "cullface": "down"},
				"up": {"uv": [9.33333, 0, 16, 3], "rotation": 90, "texture": "#1", "cullface": "down"},
				"down": {"uv": [9.33333, 0, 16, 3], "rotation": 270, "texture": "#1", "cullface": "down"}
			}
		},
		{
			"from": [10.00912, -7.05, -0.015],
			"to": [16.00912, 8.95, 16.005],
			"rotation": {"angle": 0, "axis": "y", "origin": [11.77708, 6.89139, 7.94297]},
			"faces": {
				"north": {"uv": [10.33333, 7.33333, 12.33333, 12.66667], "texture": "#1", "cullface": "down"},
				"east": {"uv": [0, 0, 5.33333, 5.33333], "texture": "#1", "cullface": "down"},
				"south": {"uv": [12.33333, 7.33333, 10.33333, 12.66667], "texture": "#1", "cullface": "down"}
			}
		},
		{
			"from": [0.05412, 8.95, -0.015],
			"to": [16.01412, 16.95, 16.005],
			"rotation": {"angle": 0, "axis": "y", "origin": [11.77708, 6.89139, 7.94297]},
			"faces": {
				"north": {"uv": [9.33333, 6.33333, 14.66667, 9], "texture": "#1", "cullface": "down"},
				"east": {"uv": [0, 0, 5.33333, 2.66667], "texture": "#1", "cullface": "east"},
				"south": {"uv": [14.66667, 6.33333, 9.33333, 9], "texture": "#1", "cullface": "down"},
				"up": {"uv": [10.66667, 0, 16, 5.33333], "rotation": 90, "texture": "#1", "cullface": "up"}
			}
		}
	]
}