{
	"credit": "Made with Blockbench",
	"parent": "minecraft:block/door_bottom",
	"ambientocclusion": false,
	"texture_size": [48, 48],
	"textures": {
		"1": "block/stone_bricks_comp",
		"particle": "block/stone_bricks_comp"
	},
	"elements": [
		{
			"from": [-2.02005, 9.09208, -5.61328],
			"to": [17.95495, 18.09208, 2.78672],
			"rotation": {"angle": 22.5, "axis": "x", "origin": [7.97292, 6.89139, 11.76797]},
			"faces": {
				"north": {"uv": [10.66667, 0, 4, 3], "texture": "#1", "cullface": "down"},
				"east": {"uv": [12.33333, 2.66667, 15.33333, 5.33334], "rotation": 270, "texture": "#1", "cullface": "down"},
				"south": {"uv": [6.65833, 3, 0, 0], "rotation": 180, "texture": "#1", "cullface": "down"},
				"west": {"uv": [11, 3, 14, 5.66667], "rotation": 90, "texture": "#1", "cullface": "down"},
				"up": {"uv": [5.33333, 2.5, 11.99167, 0], "rotation": 180, "texture": "#1", "cullface": "down"},
				"down": {"uv": [0, 2.66667, 6.66667, 0], "texture": "#1", "cullface": "down"}
			}
		},
		{
			"from": [-2.025, -11.175, 14.10001],
			"to": [17.975, -2.175, 23.10001],
			"rotation": {"angle": 0, "axis": "y", "origin": [7.97292, 6.89139, 11.76797]},
			"faces": {
				"north": {"uv": [9.33333, 0, 16, 3], "texture": "#1", "cullface": "down"},
				"east": {"uv": [16, 3.33333, 13, 6.33333], "texture": "#1", "cullface": "down"},
				"south": {"uv": [13, 0, 6.33333, 3], "texture": "#1", "cullface": "down"},
				"west": {"uv": [14, 3, 11, 6], "texture": "#1", "cullface": "down"},
				"up": {"uv": [9.33333, 3, 16, 0], "texture": "#1", "cullface": "down"},
				"down": {"uv": [9.33333, 3, 16, 0], "texture": "#1", "cullface": "down"}
			}
		},
		{
			"from": [-2.025, -2.43566, 10.42998],
			"to": [17.975, 6.56434, 19.42998],
			"rotation": {"angle": -22.5, "axis": "x", "origin": [7.97292, 6.89139, 11.76797]},
			"faces": {
				"north": {"uv": [12.33333, 0, 5.66667, 3], "texture": "#1", "cullface": "down"},
				"east": {"uv": [16, 3.33333, 13, 6.33333], "texture": "#1", "cullface": "down"},
				"south": {"uv": [16, 0, 9.33333, 3], "texture": "#1", "cullface": "down"},
				"west": {"uv": [14, 3.66667, 11, 6.66667], "texture": "#1", "cullface": "down"},
				"up": {"uv": [9.33333, 3, 16, 0], "texture": "#1", "cullface": "down"},
				"down": {"uv": [9.33333, 3, 16, 0], "texture": "#1", "cullface": "down"}
			}
		},
		{
			"from": [-2.025, 7.03342, 10.35298],
			"to": [17.975, 16.03342, 19.35298],
			"rotation": {"angle": -45, "axis": "x", "origin": [7.97292, 6.89139, 11.76797]},
			"faces": {
				"north": {"uv": [16, 0, 9.33333, 3], "texture": "#1", "cullface": "down"},
				"east": {"uv": [16, 3, 13, 6], "texture": "#1", "cullface": "down"},
				"south": {"uv": [16, 0, 9.33333, 3], "texture": "#1", "cullface": "down"},
				"west": {"uv": [16, 3, 13, 6], "texture": "#1", "cullface": "down"},
				"up": {"uv": [9.33333, 3, 16, 0], "texture": "#1", "cullface": "down"},
				"down": {"uv": [9.33333, 3, 16, 0], "texture": "#1", "cullface": "down"}
			}
		},
		{
			"from": [-0.01, -7.05, 10.05001],
			"to": [16.01, 8.95, 16.05001],
			"rotation": {"angle": 0, "axis": "y", "origin": [7.97292, 6.89139, 11.76797]},
			"faces": {
				"east": {"uv": [10.33333, 7.33333, 12.33333, 12.66667], "texture": "#1", "cullface": "down"},
				"south": {"uv": [5.33333, 0, 0, 5.33333], "texture": "#1", "cullface": "down"},
				"west": {"uv": [12.33333, 7.33333, 10.33333, 12.66667], "texture": "#1", "cullface": "down"}
			}
		},
		{
			"from": [-0.01005, 8.95, 0.09501],
			"to": [16.00995, 16.95, 16.05501],
			"rotation": {"angle": 0, "axis": "y", "origin": [7.97292, 6.89139, 11.76797]},
			"faces": {
				"east": {"uv": [9.33333, 6.33333, 14.66667, 9], "texture": "#1", "cullface": "down"},
				"south": {"uv": [5.33333, 0, 0, 2.66667], "texture": "#1", "cullface": "east"},
				"west": {"uv": [14.66667, 6.33333, 9.33333, 9], "texture": "#1", "cullface": "down"},
				"up": {"uv": [10.66667, 5.33333, 16, 0], "texture": "#1", "cullface": "up"}
			}
		}
	]
}