{
	"credit": "Made with Blockbench",
	"parent": "minecraft:block/door_bottom",
	"ambientocclusion": false,
	"texture_size": [48, 48],
	"textures": {
		"1": "block/stone_bricks_comp",
		"particle": "block/stone_bricks_comp"
	},
	"elements": [
		{
			"from": [-2.01, 9.09208, 13.18828],
			"to": [17.965, 18.09208, 21.58828],
			"rotation": {"angle": -22.5, "axis": "x", "origin": [7.97292, 6.89139, 4.20703]},
			"faces": {
				"north": {"uv": [0, 3, 6.65833, 0], "rotation": 180, "texture": "#1", "cullface": "down"},
				"east": {"uv": [12.33333, 5.33334, 15.33333, 2.66667], "rotation": 270, "texture": "#1", "cullface": "down"},
				"south": {"uv": [4, 0, 10.66667, 3], "texture": "#1", "cullface": "down"},
				"west": {"uv": [11, 5.66667, 14, 3], "rotation": 90, "texture": "#1", "cullface": "down"},
				"up": {"uv": [5.33333, 0, 11.99167, 2.5], "rotation": 180, "texture": "#1", "cullface": "down"},
				"down": {"uv": [0, 0, 6.66667, 2.66667], "texture": "#1", "cullface": "down"}
			}
		},
		{
			"from": [-2.025, -11.175, -7.12501],
			"to": [17.975, -2.175, 1.87499],
			"rotation": {"angle": 0, "axis": "y", "origin": [7.97292, 6.89139, 4.20703]},
			"faces": {
				"north": {"uv": [6.33333, 0, 13, 3], "texture": "#1", "cullface": "down"},
				"east": {"uv": [13, 3.33333, 16, 6.33333], "texture": "#1", "cullface": "down"},
				"south": {"uv": [16, 0, 9.33333, 3], "texture": "#1", "cullface": "down"},
				"west": {"uv": [11, 3, 14, 6], "texture": "#1", "cullface": "down"},
				"up": {"uv": [9.33333, 0, 16, 3], "texture": "#1", "cullface": "down"},
				"down": {"uv": [9.33333, 0, 16, 3], "texture": "#1", "cullface": "down"}
			}
		},
		{
			"from": [-2.025, -2.43566, -3.45498],
			"to": [17.975, 6.56434, 5.54502],
			"rotation": {"angle": 22.5, "axis": "x", "origin": [7.97292, 6.89139, 4.20703]},
			"faces": {
				"north": {"uv": [9.33333, 0, 16, 3], "texture": "#1", "cullface": "down"},
				"east": {"uv": [13, 3.33333, 16, 6.33333], "texture": "#1", "cullface": "down"},
				"south": {"uv": [5.66667, 0, 12.33333, 3], "texture": "#1", "cullface": "down"},
				"west": {"uv": [11, 3.66667, 14, 6.66667], "texture": "#1", "cullface": "down"},
				"up": {"uv": [9.33333, 0, 16, 3], "texture": "#1", "cullface": "down"},
				"down": {"uv": [9.33333, 0, 16, 3], "texture": "#1", "cullface": "down"}
			}
		},
		{
			"from": [-2.025, 7.03342, -3.37798],
			"to": [17.975, 16.03342, 5.62202],
			"rotation": {"angle": 45, "axis": "x", "origin": [7.97292, 6.89139, 4.20703]},
			"faces": {
				"north": {"uv": [9.33333, 0, 16, 3], "texture": "#1", "cullface": "down"},
				"east": {"uv": [13, 3, 16, 6], "texture": "#1", "cullface": "down"},
				"south": {"uv": [9.33333, 0, 16, 3], "texture": "#1", "cullface": "down"},
				"west": {"uv": [13, 3, 16, 6], "texture": "#1", "cullface": "down"},
				"up": {"uv": [9.33333, 0, 16, 3], "texture": "#1", "cullface": "down"},
				"down": {"uv": [9.33333, 0, 16, 3], "texture": "#1", "cullface": "down"}
			}
		},
		{
			"from": [-0.01, -7.05, -0.07501],
			"to": [16.01, 8.95, 5.92499],
			"rotation": {"angle": 0, "axis": "y", "origin": [7.97292, 6.89139, 4.20703]},
			"faces": {
				"north": {"uv": [0, 0, 5.33333, 5.33333], "texture": "#1", "cullface": "down"},
				"east": {"uv": [12.33333, 7.33333, 10.33333, 12.66667], "texture": "#1", "cullface": "down"},
				"west": {"uv": [10.33333, 7.33333, 12.33333, 12.66667], "texture": "#1", "cullface": "down"}
			}
		},
		{
			"from": [-0.01005, 8.95, -0.08001],
			"to": [16.00995, 16.95, 15.87999],
			"rotation": {"angle": 0, "axis": "y", "origin": [7.97292, 6.89139, 4.20703]},
			"faces": {
				"north": {"uv": [0, 0, 5.33333, 2.66667], "texture": "#1", "cullface": "east"},
				"east": {"uv": [14.66667, 6.33333, 9.33333, 9], "texture": "#1", "cullface": "down"},
				"west": {"uv": [9.33333, 6.33333, 14.66667, 9], "texture": "#1", "cullface": "down"},
				"up": {"uv": [10.66667, 0, 16, 5.33333], "texture": "#1", "cullface": "up"}
			}
		}
	]
}