{
	"credit": "Made with Blockbench",
	"ambientocclusion": false,
	"textures": {
		"0": "block/sponge_3",
		"particle": "block/sponge_3"
	},
	"elements": [
		{
			"from": [13.56005, 0.001, 11.89723],
			"to": [18.42859, 15.991, 15.99432],
			"rotation": {"angle": 0, "axis": "y", "origin": [15.99089, 8.45223, 6.96209]},
			"faces": {
				"east": {"uv": [0, 0, 4, 16], "texture": "#0"},
				"south": {"uv": [1, 0, 7, 16], "texture": "#0"},
				"west": {"uv": [4, 0, 0, 16], "texture": "#0"},
				"up": {"uv": [5.1, 1, 1, 7], "rotation": 90, "texture": "#0"},
				"down": {"uv": [5, 0, 11, 4.1], "texture": "#0"}
			}
		},
		{
			"from": [13.56005, 2.99787, 8.99929],
			"to": [18.42859, 15.98864, 11.89723],
			"rotation": {"angle": 0, "axis": "y", "origin": [15.99089, 8.45223, 6.96209]},
			"faces": {
				"east": {"uv": [4, 0, 7, 13], "texture": "#0"},
				"west": {"uv": [7, 0, 4, 13], "texture": "#0"},
				"up": {"uv": [5, 1, 7.9, 7], "rotation": 90, "texture": "#0"}
			}
		},
		{
			"from": [13.56005, 5.99574, 6.00142],
			"to": [18.42859, 15.98864, 8.99929],
			"rotation": {"angle": 0, "axis": "y", "origin": [15.99089, 8.45223, 6.96209]},
			"faces": {
				"east": {"uv": [7, 0, 10, 10], "texture": "#0"},
				"west": {"uv": [10, 0, 7, 10], "texture": "#0"},
				"up": {"uv": [8, 1, 11, 7], "rotation": 90, "texture": "#0"}
			}
		},
		{
			"from": [13.56005, 8.99361, 3.00355],
			"to": [18.42859, 15.98864, 6.00142],
			"rotation": {"angle": 0, "axis": "y", "origin": [15.99089, 8.45223, 6.96209]},
			"faces": {
				"east": {"uv": [10, 0, 13, 7], "texture": "#0"},
				"west": {"uv": [10, 0, 13, 7], "texture": "#0"},
				"up": {"uv": [11, 1, 14, 7], "rotation": 90, "texture": "#0"}
			}
		},
		{
			"from": [13.56005, 11.79162, 0.00568],
			"to": [18.42859, 15.98864, 3.00355],
			"rotation": {"angle": 0, "axis": "y", "origin": [15.99089, 8.45223, 6.96209]},
			"faces": {
				"north": {"uv": [5, 0, 11, 4], "texture": "#0"},
				"east": {"uv": [13, 0, 16, 4.2], "texture": "#0"},
				"west": {"uv": [13, 0, 16, 4.2], "texture": "#0"},
				"up": {"uv": [13, 1, 16, 7], "rotation": 90, "texture": "#0"}
			}
		},
		{
			"from": [13.56005, 2.53367, 11.83693],
			"to": [18.4118, 5.53154, 14.75986],
			"rotation": {"angle": 22.5, "axis": "x", "origin": [15.99089, 8.45223, 6.96209]},
			"faces": {
				"east": {"uv": [3, 6, 6, 8.925], "rotation": 90, "texture": "#0"},
				"west": {"uv": [6, 5, 3, 7.925], "rotation": 270, "texture": "#0"},
				"down": {"uv": [7, 7, 13, 9.925], "rotation": 180, "texture": "#0"}
			}
		},
		{
			"from": [13.56005, 5.61425, 4.14258],
			"to": [18.4202, 8.61212, 7.14045],
			"rotation": {"angle": 22.5, "axis": "x", "origin": [15.99089, 8.45223, 6.96209]},
			"faces": {
				"east": {"uv": [8, 7, 11, 10], "rotation": 90, "texture": "#0"},
				"west": {"uv": [11, 8, 8, 11], "rotation": 270, "texture": "#0"},
				"down": {"uv": [5, 10, 11, 13], "rotation": 180, "texture": "#0"}
			}
		},
		{
			"from": [13.56005, 4.84975, 10.73291],
			"to": [18.4202, 7.84762, 13.73078],
			"rotation": {"angle": 45, "axis": "x", "origin": [15.99089, 8.45223, 6.96209]},
			"faces": {
				"east": {"uv": [5, 8, 8, 5], "rotation": 90, "texture": "#0"},
				"west": {"uv": [7, 8, 4, 5], "rotation": 270, "texture": "#0"},
				"down": {"uv": [7, 4, 13, 7], "rotation": 180, "texture": "#0"}
			}
		},
		{
			"from": [13.56005, 4.75079, 2.44297],
			"to": [18.4118, 7.74866, 5.44683],
			"rotation": {"angle": 45, "axis": "x", "origin": [15.99089, 8.45223, 6.96209]},
			"faces": {
				"east": {"uv": [7, 7, 10, 10], "rotation": 90, "texture": "#0"},
				"west": {"uv": [9, 8, 12, 11], "rotation": 270, "texture": "#0"},
				"down": {"uv": [5, 7, 11, 10], "rotation": 180, "texture": "#0"}
			}
		},
		{
			"from": [13.56005, 3.58865, 5.07689],
			"to": [18.4118, 6.58652, 8.07476],
			"rotation": {"angle": -22.5, "axis": "x", "origin": [15.99089, 8.45223, 6.96209]},
			"faces": {
				"north": {"uv": [7, 1, 13, 4], "texture": "#0"},
				"east": {"uv": [8, 9, 11, 12], "texture": "#0"},
				"west": {"uv": [6, 8, 9, 11], "texture": "#0"}
			}
		},
		{
			"from": [13.56005, 11.20766, 1.81345],
			"to": [18.4202, 14.20553, 4.81132],
			"rotation": {"angle": -22.5, "axis": "x", "origin": [15.99089, 8.45223, 6.96209]},
			"faces": {
				"north": {"uv": [5, 4, 11, 7], "texture": "#0"},
				"east": {"uv": [11, 4, 14, 7], "texture": "#0"},
				"south": {"uv": [4, 3, 8, 7], "texture": "#0"},
				"west": {"uv": [9, 2, 12, 5], "texture": "#0"}
			}
		}
	]
}