{
	"credit": "Made with Blockbench",
	"parent": "block/block",
	"textures": {
		"0": "block/barrel",
		"1": "block/barrel_bottom"
	},
	"elements": [
		{
			"name": "south",
			"from": [2, 0, 13],
			"to": [14, 12.0007, 15],
			"faces": {
				"north": {"uv": [1, 3, 13, 15], "texture": "#1"},
				"east": {"uv": [0, 0, 1, 12], "texture": "#0"},
				"south": {"uv": [2, 0, 14, 12], "texture": "#0"},
				"west": {"uv": [15, 0, 16, 12], "texture": "#0"},
				"up": {"uv": [0, 14, 12, 16], "texture": "#1"},
				"down": {"uv": [0, 0, 16, 2], "texture": "#1"}
			}
		},
		{
			"name": "bottom",
			"from": [2, 0, 2],
			"to": [14, 1, 14],
			"faces": {
				"north": {"uv": [0, 0, 16, 1], "texture": "#1"},
				"east": {"uv": [0, 0, 16, 1], "texture": "#1"},
				"south": {"uv": [0, 0, 16, 1], "texture": "#1"},
				"west": {"uv": [0, 0, 16, 1], "texture": "#1"},
				"up": {"uv": [2, 2, 14, 14], "texture": "#1"},
				"down": {"uv": [2, 1, 14, 13], "texture": "#1"}
			}
		},
		{
			"name": "east",
			"from": [13, 0, 2],
			"to": [15, 12, 14],
			"faces": {
				"north": {"uv": [0, 0, 1, 12], "texture": "#0"},
				"east": {"uv": [2, 0, 14, 12], "texture": "#0"},
				"south": {"uv": [0, 0, 1, 12], "texture": "#0"},
				"west": {"uv": [1, 0, 13, 12], "texture": "#1"},
				"up": {"uv": [0, 0, 12, 2], "rotation": 90, "texture": "#1"},
				"down": {"uv": [0, 0, 12, 2], "rotation": 90, "texture": "#1"}
			}
		},
		{
			"name": "west",
			"from": [1, 0, 2],
			"to": [3, 12, 14],
			"faces": {
				"north": {"uv": [0, 0, 1, 12], "texture": "#0"},
				"east": {"uv": [2, 3, 14, 15], "texture": "#1"},
				"south": {"uv": [0, 0, 1, 12], "texture": "#0"},
				"west": {"uv": [2, 0, 14, 12], "texture": "#0"},
				"up": {"uv": [4, 14, 16, 16], "rotation": 90, "texture": "#1"},
				"down": {"uv": [0, 14, 12, 16], "rotation": 90, "texture": "#1"}
			}
		},
		{
			"name": "north",
			"from": [2, 0, 1],
			"to": [14, 12.0007, 3],
			"faces": {
				"north": {"uv": [2, 0, 14, 12], "texture": "#0"},
				"east": {"uv": [0, 0, 1, 12], "texture": "#0"},
				"south": {"uv": [2, 0, 14, 12], "texture": "#1"},
				"west": {"uv": [0, 0, 1, 12], "texture": "#0"},
				"up": {"uv": [4, 0, 16, 2], "texture": "#1"},
				"down": {"uv": [0, 14, 12, 16], "texture": "#1"}
			}
		}
	]
}