{
	"credit": "Made with Blockbench",
	"ambientocclusion": false,
	"textures": {
		"0": "block/stripped_oak_log",
		"1": "block/stripped_oak_log_top_3",
		"particle": "block/stripped_oak_log"
	},
	"elements": [
		{
			"from": [-3, 0.006, -3],
			"to": [3, 15.986, 3],
			"rotation": {"angle": 0, "axis": "y", "origin": [0, 8, 0]},
			"faces": {
				"north": {"uv": [10, 0, 16, 16], "texture": "#0"},
				"east": {"uv": [0, 0, 6, 16], "texture": "#0"},
				"south": {"uv": [10, 0, 16, 16], "texture": "#0"},
				"west": {"uv": [0, 0, 6, 16], "texture": "#0"},
				"up": {"uv": [7, 7, 13, 13], "texture": "#1"},
				"down": {"uv": [3, 3, 9, 9], "texture": "#1"}
			}
		}
	]
}