{
	"credit": "Made with Blockbench",
	"ambientocclusion": false,
	"textures": {
		"0": "block/stripped_oak_log",
		"1": "block/stripped_oak_log_top_3",
		"2": "block/stripped_oak_log_composite",
		"particle": "block/stripped_oak_log"
	},
	"elements": [
		{
			"from": [3, 13.209, -2.1],
			"to": [16.175, 15.984, 2.1],
			"faces": {
				"north": {"uv": [2, 1, 5, 14], "rotation": 90, "texture": "#0"},
				"east": {"uv": [5, 12, 9, 15], "texture": "#1"},
				"south": {"uv": [1, 0, 4, 13], "rotation": 90, "texture": "#0"},
				"up": {"uv": [2, 1, 6, 14], "rotation": 90, "texture": "#0"},
				"down": {"uv": [0.66667, 0.33333, 4.86667, 13.50833], "rotation": 270, "texture": "#0"}
			}
		},
		{
			"from": [-3, 0.006, -3],
			"to": [3, 15.986, 3],
			"rotation": {"angle": 0, "axis": "y", "origin": [0, 8, 0]},
			"faces": {
				"north": {"uv": [10, 0, 16, 16], "texture": "#0"},
				"east": {"uv": [0, 0, 6, 16], "texture": "#0"},
				"south": {"uv": [10, 0, 16, 16], "texture": "#0"},
				"west": {"uv": [0, 0, 6, 16], "texture": "#0"},
				"up": {"uv": [7, 7, 13, 13], "texture": "#1"},
				"down": {"uv": [3, 3, 9, 9], "texture": "#1"}
			}
		},
		{
			"from": [-0.8, 0.7, -2],
			"to": [3.2, 19.3, 2],
			"rotation": {"angle": -45, "axis": "z", "origin": [2.2, 0.725, 0.5]},
			"faces": {
				"north": {"uv": [8.66667, 3, 10, 9.88333], "texture": "#2"},
				"east": {"uv": [8.66667, 4.33333, 10, 11.21667], "texture": "#2"},
				"south": {"uv": [8.66667, 4.33333, 10, 11.21667], "texture": "#2"},
				"west": {"uv": [6, 2.33333, 7.33333, 9.21667], "texture": "#2"},
				"up": {"uv": [3, 3, 7, 7], "rotation": 90, "texture": "#1"}
			}
		}
	]
}