{
	"credit": "Made with Blockbench",
	"ambientocclusion": false,
	"texture_size": [48, 48],
	"textures": {
		"0": "block/stripped_oak_log",
		"1": "block/stripped_oak_log_top_3",
		"2": "block/stripped_oak_log_composite",
		"particle": "block/stripped_oak_log"
	},
	"elements": [
		{
			"from": [-2, -7.75, -0.7],
			"to": [2, 15.3, 3.3],
			"rotation": {"angle": -45, "axis": "x", "origin": [2.3, 15.275, 2.3]},
			"faces": {
				"north": {"uv": [8, 10.35, 9.33333, 2.66667], "texture": "#2"},
				"east": {"uv": [6.33333, 8.35, 7.66666, 0.66667], "texture": "#2"},
				"south": {"uv": [6, 9.68333, 7.33333, 2], "texture": "#2"},
				"west": {"uv": [7, 10.35, 8.33333, 2.66667], "texture": "#2"},
				"down": {"uv": [4, 8, 8, 4], "rotation": 180, "texture": "#1"}
			}
		},
		{
			"from": [-3.3, -7.75, -2],
			"to": [0.7, 15.3, 2],
			"rotation": {"angle": -45, "axis": "z", "origin": [-2.3, 15.275, 0.45]},
			"faces": {
				"north": {"uv": [8.33333, 7.68333, 7, 0], "texture": "#2"},
				"east": {"uv": [10.33333, 10.01667, 9, 2.33333], "texture": "#2"},
				"south": {"uv": [6.66667, 10.68333, 5.33333, 3], "texture": "#2"},
				"west": {"uv": [10.33333, 11.35, 9, 3.66667], "texture": "#2"},
				"down": {"uv": [10, 11, 14, 15], "rotation": 270, "texture": "#1"}
			}
		},
		{
			"from": [-3, 0.006, -3],
			"to": [3, 15.986, 3],
			"rotation": {"angle": 0, "axis": "y", "origin": [0, 8, 0]},
			"faces": {
				"north": {"uv": [16, 0, 10, 16], "texture": "#0"},
				"east": {"uv": [6, 0, 0, 16], "texture": "#0"},
				"south": {"uv": [16, 0, 10, 16], "texture": "#0"},
				"west": {"uv": [6, 0, 0, 16], "texture": "#0"},
				"up": {"uv": [13, 7, 7, 13], "texture": "#1"},
				"down": {"uv": [9, 3, 3, 9], "texture": "#1"}
			}
		}
	]
}