{
  "ambientocclusion": false,
  "textures": {
    "particle": "block/door_palace_middle",
    "bottom_upper": "block/door_palace_middle",
    "top_lower": "block/door_palace_middle",
    "top_upper": "block/door_palace_top"
  },
  "elements": [
    {
      "from": [
        0,
        0,
        0
      ],
      "to": [
        3,
        16,
        16
      ],
      "faces": {
        "down": {
          "uv": [
            0,
            0,
            16,
            3
          ],
          "texture": "#bottom_upper",
          "cullface": "down",
          "rotation": 270
        },
        "up": {
          "uv": [
            13,
            0,
            16,
            16
          ],
          "texture": "#bottom_upper",
          "cullface": "up"
        },
        "north": {
          "uv": [
            3,
            0,
            0,
            16
          ],
          "texture": "#top_lower",
          "cullface": "north"
        },
        "south": {
          "uv": [
            0,
            0,
            3,
            16
          ],
          "texture": "#top_lower",
          "cullface": "south"
        },
        "west": {
          "uv": [
            0,
            0,
            16,
            16
          ],
          "texture": "#top_lower",
          "cullface": "west"
        },
        "east": {
          "uv": [
            16,
            0,
            0,
            16
          ],
          "texture": "#top_lower"
        }
      }
    },
    {
      "from": [
        0,
        16,
        0
      ],
      "to": [
        3,
        32,
        16
      ],
      "faces": {
        "down": {
          "uv": [
            0,
            0,
            16,
            3
          ],
          "texture": "#bottom_upper",
          "cullface": "down",
          "rotation": 270
        },
        "south": {
          "uv": [
            13,
            0,
            16,
            16
          ],
          "texture": "#top_upper",
          "cullface": "south"
        },
        "west": {
          "uv": [
            0,
            0,
            16,
            16
          ],
          "texture": "#top_upper",
          "cullface": "west"
        },
        "east": {
          "uv": [
            16,
            0,
            0,
            16
          ],
          "texture": "#top_upper"
        }
      }
    },
    {
      "from": [
        0,
        16,
        0
      ],
      "to": [
        3,
        23,
        1
      ],
      "faces": {
        "north": {
          "uv": [
            13,
            0,
            16,
            7
          ],
          "texture": "#bottom_upper"
        },
        "up": {
          "uv": [
            13,
            15,
            16,
            16
          ],
          "texture": "#bottom_upper"
        }
      }
    },
    {
      "from": [
        0,
        23,
        1
      ],
      "to": [
        3,
        25,
        2
      ],
      "faces": {
        "north": {
          "uv": [
            13,
            7,
            16,
            9
          ],
          "texture": "#bottom_upper"
        },
        "up": {
          "uv": [
            13,
            14,
            16,
            15
          ],
          "texture": "#bottom_upper"
        }
      }
    },
    {
      "from": [
        0,
        25,
        2
      ],
      "to": [
        3,
        27,
        3
      ],
      "faces": {
        "north": {
          "uv": [
            13,
            9,
            16,
            11
          ],
          "texture": "#bottom_upper"
        },
        "up": {
          "uv": [
            13,
            13,
            16,
            14
          ],
          "texture": "#bottom_upper"
        }
      }
    },
    {
      "from": [
        0,
        27,
        3
      ],
      "to": [
        3,
        28,
        4
      ],
      "faces": {
        "north": {
          "uv": [
            13,
            11,
            16,
            12
          ],
          "texture": "#bottom_upper"
        },
        "up": {
          "uv": [
            13,
            12,
            16,
            13
          ],
          "texture": "#bottom_upper"
        }
      }
    },
    {
      "from": [
        0,
        28,
        4
      ],
      "to": [
        3,
        29,
        5
      ],
      "faces": {
        "north": {
          "uv": [
            13,
            12,
            16,
            13
          ],
          "texture": "#bottom_upper"
        },
        "up": {
          "uv": [
            13,
            10,
            16,
            12
          ],
          "texture": "#bottom_upper"
        }
      }
    },
    {
      "from": [
        0,
        29,
        5
      ],
      "to": [
        3,
        30,
        7
      ],
      "faces": {
        "north": {
          "uv": [
            13,
            13,
            16,
            14
          ],
          "texture": "#bottom_upper"
        },
        "up": {
          "uv": [
            13,
            8,
            16,
            10
          ],
          "texture": "#bottom_upper"
        }
      }
    },
    {
      "from": [
        0,
        30,
        7
      ],
      "to": [
        3,
        31,
        10
      ],
      "faces": {
        "north": {
          "uv": [
            13,
            14,
            16,
            15
          ],
          "texture": "#bottom_upper"
        },
        "up": {
          "uv": [
            13,
            5,
            16,
            8
          ],
          "texture": "#bottom_upper"
        }
      }
    },
    {
      "from": [
        0,
        31,
        10
      ],
      "to": [
        3,
        32,
        16
      ],
      "faces": {
        "north": {
          "uv": [
            13,
            15,
            16,
            16
          ],
          "texture": "#bottom_upper"
        },
        "up": {
          "uv": [
            13,
            0,
            16,
            5
          ],
          "texture": "#bottom_upper"
        }
      }
    }
  ]
}
